N;CANTON:;A11;A12;A13;A14;A15;A16;A17;A18;A19;A110;A111;A21;A22;A23;A24;A25;B31;B32;B33;B34;B35;B41;B42;B43;B44;B45;C52;C5a1;C5a2;C5a3;C5a4;C5a5;C5a6;C5a7;C5a8;C5a9;C5a10;C61;C6a1;C6a2;C6a3;C6a4;C6a5;C6a6;C71;C72;C73;C74;C75;C76;C77;C81;C82;C83;C84;C85;C86;C91;C92;C93;D101;D102;D103;D104;D105;D106;D107;D108;D109;D111;D112;D113;D114;D115;D116;D117;E121;E122;E123;E124;E125;E126;E127;E128;E131;E132;E133;E134;E135;E136;E137;E141;E142;E143;E144;E145;E146;E151;E152;E153;E154;E155;E156;E157;E158;F161;F171;F172;F173;F174;F175;F176;F177;F181;F182;F183;F184;F185;G191;G192;G193;G194;G195;G196;G201;G202;G203;G204;G205;G206;G207;G208;G209;G2010;G2011;G211;G212;G213;G214;G215;G216;H221;H222;H223;H224;H225;H226;H231;H232;H233;H241;H242;H243;I251;I252;I253;I254;I255;I256;I261;I262;I263;I264;I265;I271;I272;I273;I274;I275;I276;I281;J291;J301;J302;J303;J304;J305;J306;J307;J308;J309;J3010;J3011;J3012;K311;K312;K313;K314;K315;K316;K317;K318;K319;K3110;K3111;K3112;K3113;K3114;K3115;K3116;K3117;K3118;L341;L351;L361;L371;L383;L396;L403;L411;L412;L431;L441
1;ROCAFUERTE;1;1;1;4;3;1;1;1;1;2;4;1;4;2;1;1;4;1;4;4;1;1;1;1;1;1;2;1;4;1;1;4;4;4;1;1;1;2;4;1;4;1;1;1;4;1;4;4;4;4;4;4;4;4;1;4;4;2;2;2;1;1;4;4;4;4;4;4;4;4;1;4;4;4;4;4;3;4;5;5;5;5;5;5;3;4;3;2;1;4;2;4;4;1;2;5;5;1;3;1;1;1;1;2;4;44;1;1;1;2;2;1;4;2;2;4;4;4;1;1;1;1;1;1;1;1;1;1;1;1;4;2;4;1;1;5;5;5;5;5;5;1;1;1;2;2;3;5;5;1;1;1;1;2;1;1;2;1;1;2;2;1;3;3;1;1;2;4;1;4;2;800;2;2;2;2;2;2;2;2;2;2;2;2;4;4;4;4;4;4;4;4;4;4;4;4;3;4;4;4;4;4;1;1;2;0;3;6;3;1;0;1;1
2;SUCRE;1;1;1;4;2;1;1;1;1;1;1;1;1;1;1;1;4;2;1;4;1;2;2;1;1;2;2;1;4;1;1;4;1;4;1;1;2;2;4;1;4;1;1;1;4;1;4;4;4;4;4;4;4;4;1;4;4;2;2;2;1;1;4;4;4;4;4;4;4;4;1;1;4;4;4;4;5;5;5;5;5;5;5;5;3;2;4;4;1;4;2;5;5;1;1;5;5;1;2;1;1;1;1;4;5;44;1;1;1;2;2;1;4;4;2;4;4;4;1;1;1;1;1;1;1;1;1;1;1;1;4;2;4;1;1;5;5;5;5;5;5;2;2;1;2;4;4;5;5;1;1;1;1;2;1;1;1;1;1;2;2;2;2;2;1;1;2;4;1;4;2;1000;2;2;2;2;2;2;2;2;2;1;2;1;4;4;4;4;4;4;4;4;4;4;4;4;4;4;4;4;4;4;1;1;2;0;2;6;2;0;0;1;1
3;SUCRE;1;1;1;4;2;2;1;1;1;2;1;1;2;2;1;1;1;1;4;4;1;1;1;1;1;1;2;1;1;1;1;1;1;1;1;1;2;2;2;1;2;2;1;1;4;1;4;1;4;4;4;4;4;4;1;4;4;2;2;2;1;1;4;4;4;4;4;4;4;4;1;1;4;4;4;4;2;2;5;5;5;5;5;5;1;2;3;1;1;4;1;4;4;1;1;3;5;1;4;1;1;1;1;2;3;44;1;1;1;2;2;1;4;2;2;3;3;3;1;2;1;1;2;1;1;2;2;1;2;1;4;2;2;1;1;5;5;5;5;5;5;1;1;1;2;3;3;5;5;1;1;1;1;1;1;1;2;1;1;1;2;2;2;3;1;1;2;4;1;2;2;1100;2;2;2;2;2;2;2;2;2;2;2;2;4;4;4;4;4;4;4;4;4;4;4;4;4;4;4;4;4;4;1;1;2;0;3;6;3;1;0;1;1
4;SUCRE;1;1;1;4;2;1;1;1;1;1;1;1;1;1;1;1;4;1;4;4;1;1;1;1;1;1;2;1;1;1;1;4;1;4;1;1;2;2;2;1;2;1;1;1;4;1;4;1;4;4;4;4;4;4;1;4;4;2;2;2;1;4;4;4;4;1;4;4;4;4;4;4;4;4;4;4;2;2;4;5;5;5;5;5;2;1;3;2;1;3;1;4;4;1;1;5;5;1;2;1;1;1;1;2;3;48;1;1;1;1;4;1;2;2;2;3;3;3;1;1;1;1;1;1;1;1;1;1;1;1;4;2;2;1;1;5;5;5;5;5;5;2;1;1;2;4;4;5;5;1;1;1;1;1;1;1;2;2;1;1;2;2;2;3;1;1;2;4;2;2;3;800;2;2;2;2;2;2;2;2;2;2;1;2;4;4;4;4;4;4;4;4;4;4;4;4;4;4;3;4;4;4;1;1;2;0;3;6;3;0;0;1;1
5;ROCAFUERTE;1;1;1;1;1;1;1;1;1;1;4;1;2;1;2;1;1;1;1;3;1;1;1;1;1;1;2;1;1;1;1;4;2;1;4;1;2;2;1;1;3;2;1;1;1;1;4;4;4;4;4;1;4;4;1;1;4;2;2;2;1;4;1;4;4;1;4;1;4;5;5;5;5;5;5;5;5;5;5;5;5;5;5;5;1;1;1;1;1;1;3;4;5;5;1;1;1;1;3;1;1;1;1;2;1;45;1;1;1;1;1;1;3;3;2;5;4;5;1;1;1;1;1;1;1;1;1;1;1;1;4;1;3;1;1;5;5;5;5;5;5;1;1;3;1;2;1;5;5;4;1;1;1;1;1;1;1;1;1;1;1;1;1;1;1;1;1;5;1;4;2;1500;1;1;2;2;3;3;3;3;2;3;2;3;4;4;4;4;4;2;1;4;4;4;4;3;1;4;4;4;4;2;1;1;2;0;3;6;3;0;0;1;2
6;SUCRE;1;1;4;4;1;1;1;1;1;1;2;1;3;1;1;1;2;2;1;4;1;1;1;1;1;1;2;1;1;1;1;4;3;2;3;2;2;2;2;1;2;1;1;1;2;2;4;4;4;4;4;5;5;5;5;5;5;5;5;5;1;5;5;5;5;1;4;5;5;5;5;5;5;5;5;5;1;1;4;5;5;5;5;5;1;4;4;1;1;4;5;1;1;5;1;1;1;1;2;1;1;1;1;3;3;52;2;2;2;2;3;1;3;2;1;1;3;3;1;1;1;1;1;1;1;1;1;1;1;1;4;2;4;1;1;5;5;5;5;5;5;1;1;1;1;1;2;5;5;5;1;1;2;1;1;5;1;1;1;1;2;1;2;1;1;1;2;4;1;4;2;1200;1;1;1;1;2;2;3;2;2;2;2;2;5;5;5;5;5;5;2;5;5;5;5;2;2;4;5;2;5;5;2;1;2;0;3;6;3;0;0;1;1
7;ROCAFUERTE;2;1;1;5;1;2;1;1;1;1;1;1;3;2;2;1;1;1;2;2;1;2;2;2;2;2;2;1;4;1;1;1;2;1;1;1;2;2;2;1;4;1;1;1;5;2;5;5;5;2;5;5;5;5;1;5;5;2;2;2;1;5;5;5;5;1;5;5;5;5;5;5;5;5;5;5;5;5;5;5;5;5;5;5;2;1;3;1;1;3;4;5;5;1;1;5;1;1;3;1;1;1;1;3;4;48;1;1;1;1;2;1;3;3;1;3;4;4;1;1;1;1;1;1;1;2;3;1;2;2;4;3;4;1;1;5;5;5;5;5;5;1;1;1;1;2;3;5;5;2;1;1;1;1;1;1;2;1;1;1;1;2;2;1;1;1;2;4;1;4;3;1200;2;2;1;1;2;1;2;2;2;2;1;2;5;5;5;5;5;5;5;5;5;5;5;5;1;3;5;5;5;5;1;1;2;0;3;6;3;1;0;1;1
8;ROCAFUERTE;1;1;1;5;2;2;1;1;1;1;4;1;3;1;1;1;1;3;3;3;1;2;2;2;2;2;2;1;1;1;1;1;4;1;1;1;1;2;2;2;4;2;1;1;5;1;5;5;5;5;5;5;5;5;1;1;5;2;2;2;1;5;5;5;5;1;5;5;5;5;5;5;5;5;5;5;3;3;5;5;5;5;5;5;2;3;3;1;1;5;4;4;3;1;1;5;2;1;3;1;1;1;1;3;3;47;1;2;2;2;2;1;3;3;2;3;3;3;1;1;1;1;1;1;1;2;3;1;2;2;4;3;4;2;1;5;5;5;5;5;5;1;1;1;1;1;4;5;5;1;1;1;1;1;1;1;1;1;1;1;2;2;2;1;1;1;3;3;1;4;2;800;2;2;1;1;2;2;2;2;2;2;2;2;5;5;5;5;5;5;5;5;5;5;5;5;1;3;5;5;5;5;1;1;2;0;3;6;3;0;0;1;1
9;SUCRE;1;2;1;3;3;1;1;1;1;2;2;1;1;1;1;1;2;1;2;2;2;1;1;1;1;1;2;1;1;1;1;1;1;1;1;1;2;2;1;1;2;1;1;1;1;1;5;5;5;5;5;5;5;5;5;5;5;5;5;5;1;5;5;5;5;1;5;5;5;5;5;5;5;5;5;5;5;5;5;5;5;5;5;5;2;3;2;3;1;3;4;5;5;1;1;5;3;1;5;1;1;1;1;2;3;50;1;1;1;1;3;1;2;3;2;3;3;3;1;1;1;1;1;1;1;2;2;1;2;1;3;4;5;1;1;5;5;5;5;5;5;1;1;1;1;5;4;5;5;1;1;1;2;2;1;1;2;2;2;2;1;1;2;2;1;1;4;3;1;2;2;900;2;2;2;2;2;2;2;2;2;2;2;2;5;5;5;5;5;5;2;5;5;5;5;5;1;4;5;5;5;5;1;1;2;0;3;6;3;0;0;1;2
10;SUCRE;2;2;1;5;2;2;2;2;1;2;5;1;2;1;1;1;2;2;3;3;2;2;2;2;2;2;2;1;4;1;1;4;1;4;2;2;2;2;2;1;2;2;1;1;5;2;2;5;5;5;5;5;5;5;1;5;5;2;2;2;1;1;5;5;5;5;5;5;5;4;1;4;1;4;4;4;5;5;5;5;5;5;5;5;2;1;3;3;1;4;2;5;5;1;1;5;5;1;3;1;1;1;1;3;3;45;1;1;1;1;2;1;3;4;2;3;4;4;1;1;1;1;1;1;2;3;3;1;2;1;5;4;4;2;2;5;5;5;5;5;5;1;1;1;1;4;4;5;5;2;1;1;1;2;2;1;2;2;2;2;2;2;2;2;1;1;4;4;1;4;2;1100;3;3;2;2;2;2;3;2;2;2;2;2;5;5;5;5;5;5;5;5;5;5;5;5;1;4;5;5;5;5;1;1;2;0;2;6;3;0;0;1;1
11;ROCAFUERTE;1;1;1;4;2;2;1;1;1;2;5;2;2;2;2;2;2;2;4;4;2;2;1;1;1;2;2;1;2;1;1;1;1;1;1;1;2;2;2;1;4;1;1;1;2;2;2;5;5;2;5;5;5;5;2;2;5;2;2;2;1;5;5;5;5;5;1;5;5;5;1;1;1;5;5;5;2;2;5;5;5;5;5;5;2;1;2;2;1;4;4;3;3;1;1;1;1;1;4;1;1;1;2;3;3;48;1;2;2;1;3;1;3;3;2;3;4;4;2;1;2;1;2;2;1;2;2;1;2;2;4;4;4;1;1;5;5;5;5;5;5;1;1;1;1;3;3;5;5;1;2;2;2;2;1;1;2;1;1;2;2;2;2;3;1;1;3;3;1;3;2;2600;2;2;2;2;2;2;2;2;2;2;2;2;5;5;5;5;5;5;1;5;5;5;5;5;1;5;5;5;5;5;1;1;2;0;3;6;3;2;0;1;2
12;ROCAFUERTE;1;1;1;3;2;1;1;1;1;1;5;1;1;1;1;1;3;3;2;3;2;2;2;2;2;2;2;1;4;1;1;1;4;1;1;1;2;2;1;2;3;2;2;1;5;1;5;5;5;1;5;5;5;5;1;5;5;1;1;2;1;5;5;5;5;1;5;5;5;5;5;5;5;5;5;5;2;2;5;5;5;5;5;5;2;1;2;2;1;4;3;4;3;1;1;3;2;1;3;1;1;1;1;2;3;46;1;2;2;1;3;1;3;2;1;3;3;3;1;1;1;1;1;1;1;2;2;1;1;1;4;5;5;1;1;5;5;5;5;5;5;1;1;1;1;4;4;5;5;5;1;1;1;2;1;1;2;2;1;2;2;2;3;3;1;1;1;4;1;5;2;1800;1;1;1;1;2;2;2;2;1;2;1;2;5;5;5;5;5;5;5;5;5;5;5;5;1;5;5;5;5;5;1;1;2;0;3;6;3;0;1;1;1
13;ROCAFUERTE;1;1;1;3;2;1;1;1;1;2;5;1;1;1;1;1;2;2;3;3;2;1;1;1;1;1;2;1;4;1;1;4;1;3;1;1;2;2;4;1;3;1;1;1;2;2;5;5;5;2;5;5;5;5;5;1;5;2;2;2;5;5;5;5;5;1;5;5;5;5;5;5;5;5;5;5;2;2;5;5;5;5;5;5;2;2;3;3;1;3;1;4;4;1;1;5;1;1;4;1;1;1;1;3;4;48;1;2;2;2;1;1;1;3;2;3;3;3;1;1;1;1;1;1;1;3;2;1;1;1;5;2;2;1;1;5;5;5;5;5;5;1;1;1;1;2;3;5;5;1;1;1;1;1;1;1;2;1;1;2;3;2;3;3;1;1;4;3;1;4;2;1500;2;2;2;2;2;2;2;2;2;2;2;2;5;5;5;5;5;5;5;5;4;5;5;5;2;5;5;5;5;5;1;1;2;0;3;6;3;2;0;1;1
14;ROCAFUERTE;2;1;1;5;2;1;1;1;1;2;4;1;3;1;1;1;2;2;4;4;2;1;1;1;1;1;2;1;1;1;1;1;1;1;1;1;2;2;3;2;3;2;1;2;5;2;5;5;5;5;5;5;5;5;1;5;5;2;2;2;1;5;5;5;5;1;5;5;5;5;5;5;5;5;5;5;5;5;5;5;5;5;5;5;2;2;3;1;1;3;2;5;5;1;1;5;5;1;3;1;1;1;2;3;3;50;1;2;2;1;3;1;3;3;2;3;3;3;1;1;1;1;1;1;1;1;1;1;1;1;5;4;4;2;2;5;5;5;5;5;5;1;1;1;1;4;4;5;5;1;1;1;1;2;2;2;2;2;3;2;2;2;2;3;2;1;4;4;1;4;2;1100;2;2;2;2;2;2;2;2;1;2;1;2;5;5;5;5;5;5;5;5;5;5;5;5;2;5;5;5;5;5;1;1;2;0;3;6;3;0;1;1;1
15;SUCRE;1;1;1;1;1;1;1;1;1;1;1;1;1;1;1;1;1;1;2;1;1;1;1;1;1;1;2;1;1;1;1;1;1;1;1;1;1;2;1;1;1;1;1;1;1;1;1;1;1;1;1;5;5;5;1;1;5;1;1;1;1;1;5;5;5;5;5;1;1;1;1;1;1;1;1;1;4;4;4;4;4;5;5;5;5;1;4;1;4;4;4;1;1;5;5;5;5;1;1;1;1;1;1;4;4;50;1;1;1;1;1;1;1;5;4;4;5;5;1;1;1;1;1;1;1;1;1;1;1;1;5;1;4;1;1;5;5;5;5;4;5;4;4;1;1;1;1;5;5;5;1;1;1;1;1;1;1;1;1;1;1;1;1;1;1;1;1;5;1;5;2;1200;2;2;1;1;2;2;1;1;1;1;1;1;5;5;5;5;5;5;5;5;5;5;5;5;5;5;5;5;5;5;1;1;2;0;3;6;1;0;0;1;1
16;SUCRE;1;1;1;4;1;1;1;1;1;1;4;1;1;1;1;1;2;3;1;4;1;1;1;1;1;2;2;1;1;1;2;4;4;1;1;2;2;2;2;2;2;1;1;1;1;1;4;4;4;4;4;2;4;2;5;5;5;5;5;5;1;4;4;4;1;1;4;4;4;5;5;5;5;5;5;5;2;2;5;5;5;5;5;5;1;1;1;1;1;2;4;1;4;4;1;1;1;1;2;1;1;1;1;1;2;44;1;1;1;1;3;2;4;2;1;3;3;4;1;1;1;1;1;1;2;1;1;2;1;1;5;2;4;1;1;5;5;5;5;5;5;1;1;1;1;1;1;5;5;2;1;1;1;1;1;1;1;1;1;1;1;1;2;1;1;1;3;5;1;4;2;1200;1;1;2;2;2;2;3;2;1;2;2;2;5;5;5;5;5;2;5;5;2;5;5;5;2;2;5;5;5;5;1;1;2;0;3;6;3;0;0;1;2
17;PORTOVIEJO;1;1;1;5;2;1;1;1;1;5;1;1;1;1;1;1;1;3;1;4;1;1;1;1;1;1;2;1;1;1;1;4;4;1;1;1;2;2;1;1;1;1;1;1;1;1;4;4;4;1;4;5;5;5;5;5;5;5;5;5;1;5;5;5;5;1;5;5;5;5;5;5;5;5;5;5;5;5;5;5;5;5;5;5;2;2;2;2;1;2;1;1;4;4;1;4;1;1;4;1;1;1;1;3;3;45;1;1;1;1;1;1;4;3;2;3;4;4;1;1;1;1;1;1;1;1;1;1;1;1;5;2;2;1;1;5;5;5;5;5;5;1;1;1;1;3;2;5;5;5;1;1;1;1;1;1;1;1;1;1;1;1;1;1;1;1;2;5;1;4;1;1200;1;1;1;1;1;1;1;1;1;1;1;1;5;5;5;5;5;5;5;5;5;5;5;2;5;5;5;5;5;5;1;1;2;0;4;3;7;0;0;1;4
18;PORTOVIEJO;1;1;1;1;1;1;1;1;1;1;1;2;4;1;1;1;2;4;4;4;2;1;1;1;3;1;2;1;1;1;1;1;4;1;3;1;1;2;1;1;1;2;1;1;1;1;4;4;4;4;4;5;5;5;5;5;5;5;5;5;1;4;4;4;4;1;4;4;4;5;5;5;5;5;5;5;5;5;5;5;5;5;5;5;2;2;2;4;1;2;4;5;5;1;1;4;5;1;3;1;1;1;2;1;1;48;1;1;1;1;2;2;3;2;2;2;4;4;1;1;1;1;1;1;1;1;1;1;1;1;4;2;3;1;1;5;5;5;5;5;5;1;1;2;1;4;4;5;5;2;1;1;1;1;1;1;2;2;1;1;2;1;1;1;1;1;2;4;2;4;2;900;1;1;2;2;1;1;3;2;1;2;1;1;5;5;5;5;5;5;2;5;5;5;5;5;2;5;5;5;5;5;2;1;2;0;3;6;3;1;0;1;1
19;PORTOVIEJO;1;1;1;4;1;1;1;1;1;1;4;1;1;1;1;1;2;4;1;4;1;1;1;1;2;2;2;2;2;2;2;2;2;2;2;2;2;2;1;1;1;2;1;1;5;2;5;5;5;1;5;5;5;5;5;5;5;5;5;5;1;5;5;5;5;1;5;5;5;5;5;5;5;5;5;5;4;5;5;5;5;5;5;5;2;1;2;2;1;3;1;2;4;1;1;4;2;1;3;1;1;1;1;3;4;48;1;1;1;1;4;2;2;3;2;3;3;3;1;1;1;1;1;1;1;1;1;1;1;1;5;4;4;1;1;5;5;5;5;5;5;1;1;2;1;4;3;5;5;1;1;1;1;1;1;1;1;1;1;1;1;1;2;1;1;1;2;1;1;5;3;2100;1;1;2;2;1;1;3;2;3;2;1;1;5;5;5;5;5;5;2;5;5;5;2;5;2;5;5;5;5;5;2;1;2;0;3;6;3;15;0;1;4
20;PORTOVIEJO;1;1;1;4;1;1;1;1;1;1;1;2;2;1;1;1;2;2;2;2;2;2;2;2;1;1;2;2;2;2;4;4;2;2;2;1;1;2;1;1;1;1;1;1;1;1;1;1;1;1;1;4;4;4;1;1;4;1;1;1;1;1;1;4;4;4;4;1;4;1;1;1;1;1;1;1;4;4;4;4;4;4;2;4;4;4;4;4;1;4;1;2;4;4;2;2;2;1;1;2;1;1;1;4;4;48;2;2;2;2;2;1;4;4;4;4;4;4;1;1;1;1;1;1;1;1;1;1;1;1;4;1;4;1;1;4;4;4;4;4;4;2;2;2;2;2;2;4;4;4;1;1;1;1;1;5;1;1;1;2;1;1;2;1;1;1;2;1;2;2;2;800;2;2;2;2;2;2;2;2;2;2;2;2;2;4;4;4;4;4;4;4;4;4;4;4;4;4;4;4;4;4;2;1;2;0;4;5;9;1;0;1;1
21;PORTOVIEJO;1;1;1;1;1;1;1;1;1;1;2;2;4;1;1;1;1;4;5;5;1;1;1;1;2;2;2;1;1;1;1;5;5;5;5;1;1;1;0;0;0;0;0;0;1;1;5;2;5;5;5;5;5;5;5;5;5;5;5;5;1;1;5;5;5;1;5;5;5;5;5;5;5;5;5;5;5;5;5;5;5;5;5;5;1;5;3;5;1;3;1;5;5;1;1;5;5;1;1;1;1;1;2;3;3;48;1;1;1;1;1;2;3;3;2;3;4;4;1;1;1;1;1;1;1;1;1;1;2;1;4;2;4;1;1;5;5;5;5;5;5;1;2;2;1;4;3;5;5;1;1;1;1;1;1;1;1;1;1;1;1;1;2;1;1;1;2;4;2;5;1;1200;1;1;2;2;1;1;3;2;3;2;2;2;5;5;5;5;5;5;5;5;5;5;5;2;2;5;5;5;5;5;2;1;2;0;4;5;9;0;1;1;3
22;PORTOVIEJO;1;1;1;4;1;1;1;1;1;1;1;1;2;1;1;1;4;4;1;4;1;1;1;1;2;1;2;1;1;1;1;2;2;2;1;1;1;2;1;2;1;2;2;2;1;1;5;5;5;1;5;5;5;5;5;5;5;5;5;5;1;5;5;5;5;1;5;5;5;5;5;5;5;5;5;5;5;5;5;5;5;5;5;5;2;2;2;3;1;3;3;2;5;2;1;4;4;1;1;1;1;1;1;3;3;48;1;1;1;1;1;2;3;2;1;2;3;3;1;1;2;2;1;1;2;2;2;2;2;2;4;2;4;1;1;5;5;5;5;5;5;1;1;1;1;1;1;5;5;1;1;1;1;1;1;1;1;1;1;1;1;1;2;1;1;1;1;5;1;1;2;600;1;1;2;2;1;2;3;3;1;3;2;2;5;5;5;5;5;5;5;5;5;5;5;5;2;5;5;5;5;5;2;1;2;0;5;6;6;2;0;1;2
23;PORTOVIEJO;1;1;1;1;1;1;1;1;1;1;4;1;1;1;1;1;1;1;1;4;1;1;1;1;1;1;2;1;1;1;2;4;1;4;1;1;1;2;1;1;1;1;1;1;1;2;4;4;4;2;4;1;4;4;1;1;4;1;1;1;1;1;1;1;4;1;4;1;4;1;1;1;1;1;1;1;5;5;5;5;5;5;5;5;5;5;2;4;5;5;5;3;1;5;4;1;3;1;1;1;1;1;1;4;5;56;1;1;1;3;1;1;1;3;5;5;5;5;1;1;1;1;1;1;1;1;1;1;1;1;5;1;2;2;1;5;5;5;5;5;5;1;1;3;2;2;1;3;3;2;1;4;4;1;1;1;1;1;1;1;1;1;1;1;1;1;5;5;1;4;2;1000;1;1;1;1;2;2;3;3;2;2;2;2;5;5;5;5;5;5;2;5;5;5;5;5;3;5;5;4;5;5;2;1;2;0;4;1;7;1;0;1;1
24;ROCAFUERTE;1;1;1;4;1;2;1;1;1;2;1;1;2;1;1;1;2;3;3;4;2;1;1;2;2;2;2;1;4;1;1;1;1;1;1;1;1;2;2;2;4;1;1;1;5;2;5;5;5;5;5;5;5;5;5;5;5;5;5;5;1;5;5;5;5;1;5;5;5;5;5;5;5;5;5;5;5;5;5;5;5;5;5;5;3;1;3;3;1;4;3;5;5;5;1;5;5;1;3;1;1;1;1;3;1;48;1;1;1;1;1;1;3;3;2;3;3;3;1;1;1;1;1;1;2;2;2;1;1;1;3;4;3;1;1;5;5;5;5;5;5;1;1;1;1;3;3;5;5;5;1;1;1;1;1;1;1;1;1;2;2;2;2;2;1;1;2;4;1;4;2;1500;2;2;2;2;3;2;3;3;1;2;2;2;5;5;5;5;5;5;3;5;5;5;5;5;2;5;5;5;5;5;1;1;2;0;3;6;1;0;0;1;1
25;ROCAFUERTE;1;1;2;5;1;4;1;1;1;1;4;2;4;2;2;1;4;4;1;4;1;1;1;1;1;1;2;1;4;1;1;4;4;4;1;1;2;1;0;0;0;0;0;0;2;1;5;5;5;5;5;5;5;5;5;5;5;5;5;5;1;4;4;4;4;4;4;4;4;4;1;3;1;2;1;1;5;5;5;5;5;5;5;5;3;1;3;3;1;5;1;5;5;5;1;5;2;1;4;1;1;1;1;4;5;56;2;2;2;2;3;2;3;3;2;3;4;3;1;1;1;1;1;1;1;2;2;1;1;1;4;3;3;3;1;5;5;5;5;5;5;1;1;1;1;4;4;5;5;5;1;1;1;2;2;5;2;1;1;2;2;2;2;1;2;1;3;4;1;4;1;1600;2;2;2;2;2;2;3;3;3;2;2;2;5;5;5;5;5;5;5;5;5;5;5;5;1;3;5;5;5;5;1;1;2;0;2;6;1;0;0;1;1
26;ROCAFUERTE;2;1;1;5;2;1;1;2;1;1;2;1;4;1;1;1;1;1;1;4;1;1;1;1;1;1;2;1;1;1;1;1;2;1;2;1;1;2;1;1;1;2;1;1;2;2;5;5;5;5;5;5;5;5;5;5;5;5;5;5;1;1;5;5;5;1;5;5;5;5;5;5;5;5;5;5;4;5;5;5;5;5;5;5;1;1;1;1;1;3;1;2;3;1;1;1;1;1;4;1;1;1;2;2;2;50;1;1;1;1;3;2;3;3;1;3;3;3;1;1;1;1;1;1;2;2;2;1;1;1;5;4;4;1;1;5;5;5;5;5;5;1;1;2;1;2;2;5;5;1;1;1;2;1;1;1;1;1;1;1;1;1;2;1;2;1;2;4;2;4;2;1500;1;1;1;1;2;2;2;2;1;1;1;2;5;5;5;5;5;5;2;5;5;5;5;5;5;5;5;2;5;5;2;1;2;0;3;6;3;1;0;1;2
27;SUCRE;1;1;1;1;1;1;1;1;1;1;1;1;1;1;1;1;1;1;1;1;1;1;1;1;1;1;2;1;1;1;1;1;1;1;1;1;1;2;1;1;1;1;1;1;1;1;1;1;1;1;1;4;4;4;1;1;1;1;1;1;1;1;4;4;4;4;4;1;4;1;1;1;1;1;1;1;2;2;2;2;4;4;2;4;2;2;2;2;2;4;2;2;2;4;2;2;4;1;1;1;1;1;1;4;4;50;2;2;2;2;2;1;4;4;4;4;4;4;1;1;1;1;1;1;1;1;1;1;1;1;4;1;4;1;1;5;5;5;5;4;5;2;2;2;2;2;2;4;4;4;1;1;1;1;1;1;1;1;1;1;1;1;1;1;1;1;1;4;1;4;2;1400;2;2;1;1;2;2;1;1;1;1;1;1;2;4;4;4;4;4;4;4;4;4;4;4;4;4;4;4;4;4;1;1;2;0;3;6;3;0;0;1;1
28;ROCAFUERTE;1;1;1;1;1;1;1;1;1;1;1;1;1;1;1;1;1;1;1;1;1;1;1;1;1;1;2;1;1;1;1;4;1;1;1;1;1;2;1;1;1;1;1;1;1;1;1;1;1;1;1;5;5;5;1;1;1;1;1;1;1;1;5;5;5;5;5;1;5;1;1;1;1;1;1;1;5;5;4;5;5;5;5;5;2;2;4;2;2;4;5;2;4;5;5;5;2;1;1;1;1;1;1;4;4;60;4;1;1;5;1;1;4;2;2;4;4;4;1;1;1;1;1;1;1;1;1;1;1;1;4;1;4;1;1;5;5;5;5;5;5;4;4;1;1;1;1;4;4;4;1;1;1;1;1;1;1;1;1;1;1;1;1;1;1;1;1;5;1;5;2;1500;2;2;1;1;2;2;1;1;1;1;1;1;2;5;5;5;5;5;5;5;5;5;5;5;5;5;5;5;5;5;1;1;2;0;3;6;3;1;0;1;1
29;SUCRE;1;1;1;1;1;1;1;1;1;1;1;1;1;1;1;1;1;1;1;1;1;1;1;1;1;1;2;1;1;1;1;1;4;1;1;1;1;2;1;1;1;1;1;1;1;1;1;1;1;1;1;4;4;4;1;1;1;1;1;1;1;1;4;4;4;4;4;1;4;1;1;1;1;1;1;1;4;4;4;4;4;4;4;4;2;2;4;2;2;4;4;2;4;5;5;5;2;1;1;1;1;1;1;4;4;64;2;2;2;2;2;1;4;4;4;4;4;4;1;1;1;1;1;1;1;1;1;1;1;1;4;1;1;1;1;5;5;5;5;5;5;4;4;1;1;1;1;4;4;4;1;1;1;1;1;1;1;1;1;1;1;1;1;1;1;1;1;4;1;4;2;1000;2;2;1;1;2;2;1;1;1;1;1;1;2;5;5;5;5;5;5;5;5;5;5;5;5;5;5;5;5;5;1;1;2;0;3;6;3;0;0;1;2
30;SUCRE;1;1;1;1;1;1;1;1;1;1;1;1;1;1;1;1;1;1;1;1;1;1;1;1;1;1;2;1;1;1;1;4;1;1;1;1;1;2;1;1;1;1;1;1;1;2;1;1;1;1;1;5;5;5;1;1;5;1;1;1;1;1;5;4;5;5;5;1;1;1;1;1;1;1;1;1;2;4;2;4;4;4;4;4;4;1;4;4;4;4;5;2;2;5;4;4;2;1;1;1;1;1;1;2;4;50;1;1;1;1;1;1;5;5;4;4;4;4;1;1;1;1;1;1;1;1;1;1;1;1;5;1;4;1;1;5;5;5;5;5;5;4;2;1;1;1;1;4;4;4;1;1;1;1;1;1;1;1;1;1;1;1;1;1;1;1;1;1;1;2;2;1000;2;2;1;1;2;2;1;1;1;1;1;1;2;4;4;4;4;4;4;4;4;4;4;4;4;4;4;4;4;4;1;1;2;0;3;6;3;0;0;1;1
31;SUCRE;1;1;1;1;1;1;1;1;1;1;1;1;2;1;1;1;1;1;2;2;1;1;2;1;1;1;2;1;1;1;1;2;1;1;1;1;1;2;1;1;1;1;1;1;2;1;1;1;1;2;1;5;5;5;1;5;1;1;1;1;1;1;5;2;5;5;4;2;5;1;1;1;1;1;1;1;5;5;4;5;3;3;5;4;4;4;2;2;1;4;2;2;4;5;5;5;5;1;1;1;1;1;1;3;4;66;1;1;1;4;1;1;1;3;2;3;5;5;1;1;1;1;1;1;1;1;1;1;1;1;5;1;4;1;1;5;5;5;5;5;5;2;2;1;1;1;1;4;4;4;1;1;1;1;1;1;1;1;1;1;1;1;1;1;1;1;1;5;1;4;2;1200;2;2;1;1;2;2;1;1;1;1;1;1;2;4;4;5;5;5;5;5;5;5;5;5;5;5;5;5;5;5;1;1;2;0;4;6;1;0;0;1;1
32;ROCAFUERTE;1;1;1;1;1;1;1;1;1;1;1;1;1;1;1;1;1;1;1;1;1;1;1;1;1;1;2;1;1;1;1;5;1;1;1;1;1;2;1;1;1;1;1;1;1;1;1;1;1;1;1;5;5;5;2;2;2;1;1;1;1;1;5;5;5;2;5;5;5;1;1;1;1;1;1;1;1;1;1;2;2;2;4;4;1;1;1;1;1;2;5;1;1;2;4;1;2;1;1;1;1;1;1;2;2;48;1;1;1;4;1;1;1;4;2;4;4;4;1;1;1;1;1;1;1;1;1;1;1;1;5;1;4;1;1;5;5;5;5;5;5;2;2;1;1;1;1;4;4;4;1;1;1;1;1;1;1;1;1;1;1;1;1;1;1;1;1;5;1;5;2;1000;2;2;1;1;2;2;1;1;1;1;1;1;2;4;4;5;5;5;5;5;5;5;5;5;5;5;5;5;5;5;1;1;2;0;3;6;3;0;0;1;1
33;SUCRE;1;1;1;1;1;1;1;1;1;1;1;1;1;1;1;1;1;1;1;1;1;1;1;1;1;1;2;1;1;1;1;4;1;1;1;1;1;2;1;1;1;1;1;1;5;1;5;4;1;5;1;5;5;5;1;5;1;1;1;1;1;1;2;5;5;5;5;1;5;1;1;1;1;1;1;1;5;5;5;5;5;5;5;5;2;5;5;2;1;2;2;2;2;5;4;5;5;1;1;1;1;1;1;1;1;50;1;1;1;4;1;1;1;2;2;4;5;5;1;1;1;1;1;1;1;1;1;1;1;1;5;1;4;1;1;5;5;5;5;5;5;2;2;1;1;1;1;4;4;4;1;1;1;1;1;1;1;1;1;1;1;1;1;1;1;1;1;5;1;4;2;1600;2;2;1;1;2;2;1;1;1;1;1;1;2;4;4;5;5;5;5;5;5;5;5;5;5;5;5;5;5;5;2;1;2;0;4;6;5;0;0;1;1
34;SUCRE;1;1;1;4;1;1;1;1;1;1;1;1;4;1;1;1;1;1;2;2;1;1;1;1;1;1;2;1;1;1;1;1;1;1;1;1;2;2;4;1;4;1;1;1;1;1;1;4;4;1;4;5;5;5;2;5;5;2;2;2;1;1;5;5;5;1;5;5;5;5;5;5;5;5;5;5;5;5;5;5;5;5;5;5;3;2;3;4;1;3;2;5;5;2;1;5;5;1;3;1;1;1;1;3;3;48;1;1;1;1;3;1;3;2;2;3;4;4;1;1;1;1;1;1;1;2;2;1;1;1;4;2;4;1;1;5;5;5;5;5;5;1;1;1;1;3;3;5;5;1;1;1;3;1;1;1;2;2;1;2;2;2;2;2;2;4;4;3;2;4;2;1200;2;2;2;2;2;2;2;2;2;2;2;2;5;5;5;5;5;5;5;5;5;5;5;5;1;2;5;5;5;5;1;1;2;0;3;6;3;0;0;1;2
35;ROCAFUERTE;1;1;2;2;1;1;1;1;1;1;2;1;4;1;1;1;1;4;1;4;1;2;2;2;2;2;2;1;1;1;1;4;2;4;1;1;2;2;2;2;1;2;2;1;2;2;4;4;4;4;4;5;5;5;5;5;5;5;5;5;2;5;5;5;5;2;5;5;5;5;5;5;5;5;5;5;5;5;5;5;5;5;5;5;2;2;3;3;1;3;2;3;4;1;1;4;3;1;3;1;1;1;2;3;3;48;1;1;1;1;1;2;4;3;2;3;3;3;1;1;2;1;2;1;1;1;1;1;2;2;4;4;4;1;1;5;5;5;5;5;5;1;1;1;1;2;3;5;5;2;1;1;1;1;1;1;1;2;1;1;2;1;2;1;1;1;2;4;1;3;3;1600;1;1;2;2;3;2;3;3;1;2;1;2;5;5;5;5;5;5;2;5;5;5;5;5;2;5;5;5;5;5;1;1;2;0;4;6;1;2;0;1;1
36;ROCAFUERTE;1;1;1;4;1;1;1;1;1;1;1;2;1;1;1;1;1;1;2;2;2;1;1;1;1;1;2;2;2;2;2;4;4;2;2;2;2;2;1;1;1;1;1;1;1;1;1;1;1;1;1;4;4;4;1;1;4;2;2;2;1;1;4;4;4;4;4;4;4;4;1;4;1;1;1;1;2;4;2;4;4;2;4;4;2;2;4;2;2;4;4;2;4;4;2;1;2;1;1;1;1;1;1;4;4;66;2;2;2;4;2;1;4;4;4;4;4;4;1;1;1;1;1;1;1;1;1;1;1;1;4;2;2;2;1;5;5;5;5;5;5;4;2;2;2;2;2;4;4;4;1;1;1;1;1;1;1;1;1;1;1;1;1;1;1;1;1;1;1;2;2;1000;2;2;2;2;2;2;2;2;2;2;2;2;4;4;4;4;4;4;4;4;4;4;4;4;4;4;4;4;4;4;1;1;2;0;3;6;3;0;0;1;1
37;PORTOVIEJO;1;1;1;4;1;5;1;1;1;4;1;1;3;1;1;1;4;4;1;4;1;1;1;1;1;1;2;1;1;1;1;2;2;2;1;1;2;2;1;1;1;1;1;1;2;1;4;4;4;4;4;5;5;5;5;5;5;5;5;5;1;1;5;5;5;5;5;5;5;1;1;1;1;2;1;1;5;5;2;2;5;5;5;5;1;1;2;2;1;3;4;1;2;1;1;2;4;1;4;1;1;1;1;2;3;48;1;1;1;1;1;1;2;2;2;3;3;3;1;1;1;1;1;1;1;1;1;1;1;1;3;2;2;1;1;5;5;5;5;5;5;1;1;1;1;2;1;5;5;1;1;1;1;1;1;1;2;2;1;1;2;2;2;1;1;1;1;4;1;3;2;600;1;1;1;1;2;2;2;2;1;1;1;2;3;4;4;4;4;4;4;5;5;5;5;5;5;4;4;4;4;4;2;1;2;0;3;2;1;0;1;1;1
38;PORTOVIEJO;1;1;1;4;1;1;1;1;1;1;2;2;2;2;2;2;2;2;2;2;2;1;1;1;1;1;1;0;0;0;0;0;0;0;0;0;0;1;0;0;0;0;0;0;1;1;4;4;4;4;4;4;4;4;1;2;4;2;2;2;1;4;4;4;4;4;4;4;4;4;1;1;1;1;1;1;5;4;3;4;5;5;5;5;3;5;5;5;1;4;3;4;4;4;4;4;4;1;1;1;1;1;1;3;4;48;2;2;2;2;2;2;4;2;2;4;5;5;1;1;1;1;1;1;1;1;1;1;1;1;5;1;4;1;1;5;5;5;5;5;5;4;1;1;1;1;1;4;4;4;2;1;1;1;1;1;1;1;1;2;2;1;1;1;1;1;1;5;1;4;2;1200;2;2;1;1;2;2;1;1;1;2;2;2;3;5;5;5;5;5;4;4;4;4;4;5;5;5;5;4;4;4;2;1;2;0;4;6;3;1;0;1;2
39;SUCRE;1;1;1;4;1;1;2;1;1;1;1;1;4;1;1;1;2;2;2;4;2;1;1;1;1;1;2;1;1;1;1;3;3;2;3;2;2;2;1;1;1;1;1;1;1;4;4;4;4;4;4;5;5;5;5;5;5;5;5;5;1;4;4;4;4;1;4;4;4;5;5;5;5;5;5;5;4;5;2;5;5;5;5;5;1;1;1;1;1;4;4;2;3;4;1;1;1;1;3;1;1;1;1;3;3;40;2;2;2;3;3;2;3;2;1;2;3;3;1;1;1;1;1;1;1;1;1;1;1;1;5;4;4;1;1;5;5;5;5;5;5;1;1;1;1;1;2;5;5;2;1;1;1;2;1;1;2;1;1;1;2;1;2;1;2;1;2;4;2;4;2;800;2;2;2;2;3;2;3;3;1;2;2;3;5;5;5;5;5;5;2;5;5;5;5;5;1;5;5;2;5;5;2;1;2;0;3;6;3;1;0;1;1
40;PORTOVIEJO;1;1;1;4;1;1;1;2;1;1;1;1;4;1;2;1;5;1;4;4;1;1;1;1;1;1;2;1;1;1;1;2;2;2;3;1;1;2;1;1;1;1;1;1;2;2;5;5;5;5;5;5;5;5;5;5;5;5;5;5;1;5;5;5;5;1;5;5;5;5;5;5;5;5;5;5;1;2;3;5;5;5;5;5;3;2;2;3;1;1;1;5;5;1;1;1;1;1;2;1;1;1;1;3;1;48;1;1;1;1;1;2;3;1;1;4;4;3;1;1;1;1;1;1;1;1;1;1;1;1;4;2;4;1;1;5;5;5;5;5;5;1;1;2;1;3;2;5;5;1;1;1;1;1;1;1;1;1;1;1;1;1;3;1;1;1;1;5;1;5;2;2200;1;1;2;2;1;1;3;1;3;2;1;1;5;5;5;5;5;5;2;5;5;5;2;2;2;5;5;5;5;5;1;1;2;0;3;5;3;0;1;1;2
41;ROCAFUERTE;1;2;2;2;2;2;2;2;2;2;2;2;2;2;2;2;2;2;2;2;2;2;1;2;1;1;2;1;2;2;2;4;4;2;1;2;2;2;1;1;1;1;1;1;2;2;2;2;2;2;2;2;2;4;1;4;4;1;4;1;1;1;2;2;2;2;2;2;2;4;4;4;4;4;4;4;4;4;4;4;4;4;4;4;2;2;2;2;2;2;4;2;2;2;2;2;2;1;1;1;1;1;1;1;1;56;2;2;2;2;2;2;2;1;3;3;3;3;1;1;1;1;1;1;2;2;2;2;2;2;2;2;2;2;2;5;5;4;5;2;5;1;1;1;1;1;1;4;4;4;1;1;1;2;2;2;2;2;2;2;2;2;2;2;1;1;1;1;1;1;1;800;2;2;2;2;2;2;2;2;2;2;2;2;1;4;4;4;4;4;4;4;4;4;4;4;4;4;4;4;4;4;1;1;2;0;3;6;3;0;0;1;2
42;SUCRE;2;1;1;4;2;3;1;1;1;1;1;1;3;1;1;1;2;1;3;3;1;2;2;2;3;2;2;1;1;1;1;1;1;1;1;1;2;2;2;1;1;1;1;1;4;2;4;4;4;4;4;5;5;5;5;5;5;5;5;5;2;5;5;5;5;1;5;5;5;5;5;5;5;5;5;5;2;2;5;5;5;5;5;5;1;1;1;2;1;4;3;3;3;1;1;3;2;1;3;1;1;1;1;2;1;50;2;2;2;2;1;1;3;5;4;4;4;5;1;1;1;1;1;1;2;2;2;2;2;2;4;4;4;1;1;5;5;5;5;5;5;1;1;1;1;2;2;5;5;1;1;1;1;1;1;1;1;1;1;1;2;2;2;2;2;1;2;4;1;4;2;1600;2;2;2;2;2;2;3;2;3;2;2;2;5;5;5;5;5;5;5;5;5;5;5;5;1;4;5;5;5;5;1;1;2;0;2;6;3;2;0;1;2
43;SUCRE;1;1;1;4;2;3;1;1;1;1;4;1;3;1;1;1;2;4;4;4;1;2;3;1;2;2;2;2;4;1;1;2;2;2;1;1;2;2;4;1;4;1;1;1;4;2;2;4;4;4;4;5;5;5;5;5;5;5;5;5;1;5;5;5;5;1;5;5;5;5;5;5;5;5;5;5;2;2;5;5;5;5;5;5;2;1;2;3;1;4;1;3;3;1;1;3;3;1;3;1;1;1;1;3;4;48;1;1;1;1;3;1;2;2;2;3;4;3;1;1;1;1;1;1;1;2;2;1;1;2;4;3;4;2;1;5;5;5;5;5;5;1;1;1;2;2;3;5;5;2;1;1;1;1;1;1;1;1;1;2;2;2;2;2;1;1;2;4;1;3;2;1200;2;2;2;2;2;2;2;2;2;2;1;2;5;5;5;5;5;5;2;3;5;5;5;5;1;5;5;5;5;5;1;1;2;0;3;6;3;1;0;1;1
44;SUCRE;2;1;1;5;1;1;1;1;1;1;4;1;4;1;1;1;4;4;1;4;1;1;1;1;1;1;2;1;1;1;1;2;2;2;2;1;2;2;1;1;1;1;1;1;4;2;4;4;4;2;4;5;5;5;5;5;5;5;5;5;1;5;5;5;5;1;5;5;5;5;5;5;5;5;5;5;5;5;5;5;5;5;5;5;3;2;4;2;1;4;1;4;5;1;1;5;5;1;3;1;1;1;1;4;4;50;2;2;2;2;2;4;4;3;2;3;3;3;1;1;1;1;1;1;2;2;3;1;1;1;5;4;4;1;1;5;5;5;5;5;5;1;1;1;1;4;4;5;5;1;1;1;1;2;1;1;2;1;1;1;1;1;2;1;2;1;5;5;1;4;2;1200;1;1;1;1;2;2;3;3;1;2;1;2;5;5;5;5;5;5;5;5;5;5;5;5;1;5;5;5;5;5;1;1;2;0;2;6;3;1;0;1;1
45;ROCAFUERTE;1;1;1;2;1;4;1;1;1;2;4;1;2;1;1;1;3;3;2;4;2;1;1;1;1;1;2;1;1;1;1;4;3;4;2;1;2;2;4;2;4;2;2;1;1;1;5;5;5;5;5;5;5;5;5;5;5;5;5;5;1;5;5;5;5;1;5;5;5;5;5;5;5;5;5;5;5;5;5;5;5;5;5;5;3;4;3;4;1;3;1;5;5;5;1;4;5;1;3;1;1;1;1;4;4;48;1;1;1;1;1;1;3;4;3;3;4;3;1;1;1;1;1;1;2;2;3;1;2;1;5;4;4;1;1;5;5;5;5;5;5;1;1;1;1;4;1;5;5;5;1;1;1;2;2;2;2;2;2;2;2;2;2;1;2;1;2;4;1;4;2;600;3;3;2;2;2;2;3;2;2;2;2;2;4;4;4;4;4;4;2;4;4;4;4;4;1;4;4;4;4;4;2;1;2;0;3;6;3;0;0;1;1
46;ROCAFUERTE;1;1;1;4;2;1;1;1;1;1;1;1;3;1;1;1;1;4;1;4;2;1;1;1;1;1;2;1;3;1;1;1;1;1;1;2;1;2;2;2;3;2;2;2;2;2;4;4;4;4;4;5;5;5;5;5;5;5;5;5;1;1;5;5;5;1;5;5;5;5;5;5;5;5;5;5;5;5;5;5;5;5;5;5;3;3;3;3;1;4;1;5;5;5;1;4;5;1;3;1;1;1;1;3;4;48;1;1;1;1;1;2;2;3;2;4;4;4;1;1;1;1;1;1;2;2;2;1;1;1;5;2;3;1;1;5;5;5;5;5;5;1;1;1;1;3;4;5;5;5;1;1;2;1;1;1;1;1;1;1;1;1;1;1;2;1;2;4;1;4;1;1000;1;1;1;1;1;1;3;1;1;1;1;1;5;5;5;5;5;5;5;5;5;5;5;5;1;5;5;5;5;5;2;1;2;0;3;6;3;0;0;2;2
47;ROCAFUERTE;2;2;1;4;2;1;1;1;1;2;4;1;2;1;1;1;4;4;1;4;1;1;1;1;1;1;2;1;1;1;1;1;1;1;1;1;2;2;2;1;2;2;1;2;4;1;4;4;4;4;4;4;4;4;1;4;4;2;2;2;1;4;4;4;4;4;4;4;4;4;1;1;4;4;4;4;5;5;5;5;5;5;5;5;2;2;4;4;1;4;4;5;5;1;1;5;5;1;2;1;1;1;1;4;4;48;1;1;1;2;2;1;4;4;2;3;4;4;1;1;1;1;1;1;1;2;2;1;2;2;4;4;4;1;1;5;5;5;5;5;5;1;1;1;2;4;4;5;5;1;1;1;1;2;1;1;2;2;1;2;2;3;3;3;1;1;1;4;1;4;2;800;2;2;2;2;2;2;2;2;2;2;1;2;4;4;4;4;4;4;4;4;4;4;4;4;4;4;4;4;4;4;2;1;2;0;2;6;3;0;0;1;1
48;SUCRE;2;2;1;3;2;1;1;1;1;1;2;1;2;1;1;1;3;1;3;3;1;1;1;1;1;1;2;1;1;1;1;1;1;1;1;1;2;2;2;2;2;2;1;1;2;2;4;2;4;4;4;5;5;5;5;1;5;2;2;2;1;5;5;5;5;1;5;5;5;5;5;5;5;5;5;5;2;2;5;5;5;5;5;5;3;3;3;3;1;4;1;5;5;1;1;5;3;1;3;2;1;1;1;4;4;48;1;1;1;1;1;1;4;3;3;4;4;4;1;1;2;2;3;2;1;2;3;1;2;1;4;4;4;1;1;5;5;5;5;5;5;2;2;1;2;3;4;5;5;1;1;1;1;1;1;1;2;2;1;2;2;2;2;2;1;1;4;4;1;3;2;1000;2;2;2;2;2;2;2;2;2;2;2;2;5;5;5;5;5;5;5;5;5;5;5;5;5;5;5;5;5;5;1;1;2;0;3;6;3;0;0;1;1
49;ROCAFUERTE;1;2;2;4;4;1;1;1;1;1;1;2;2;2;1;2;1;1;4;4;2;2;2;2;1;2;2;1;1;1;1;1;1;1;1;1;1;2;2;1;2;2;1;1;3;3;3;3;3;3;3;5;5;5;1;5;5;2;2;2;1;5;5;5;5;5;1;5;5;5;1;5;5;5;5;5;5;5;5;5;5;5;5;5;4;3;4;4;1;4;1;5;5;2;1;5;5;1;3;2;1;1;2;4;4;48;1;1;1;1;2;1;3;3;3;4;4;4;1;2;2;2;2;2;1;2;3;2;2;2;4;4;4;1;1;5;5;5;5;5;5;2;2;1;2;4;4;5;5;1;1;1;1;1;1;1;3;2;1;3;3;3;2;3;1;1;1;3;1;5;2;900;2;2;2;2;2;2;2;2;2;2;1;2;5;5;5;5;5;5;5;5;5;5;5;5;5;5;5;5;5;5;2;1;2;0;3;6;3;0;0;1;2
50;ROCAFUERTE;2;1;1;4;3;1;1;1;1;2;1;1;3;2;1;2;2;2;4;4;2;2;1;1;1;2;2;1;1;1;1;3;3;3;1;1;1;2;3;2;3;3;1;1;2;2;3;3;3;3;3;5;5;5;1;5;5;2;2;2;1;5;5;5;5;5;5;5;5;5;1;5;5;1;5;5;5;5;5;5;5;5;5;5;3;3;3;2;1;4;2;5;5;1;1;5;5;1;3;2;1;1;1;4;4;48;1;1;1;2;3;1;3;4;3;4;4;4;1;1;1;1;1;1;1;2;3;1;2;2;3;3;2;1;1;5;5;5;5;5;5;1;2;1;2;4;4;5;5;1;1;1;1;2;1;1;1;1;1;2;2;2;3;3;1;1;3;4;1;5;2;1000;2;2;1;1;2;2;2;2;1;2;2;2;5;5;5;5;5;5;5;5;5;5;5;5;3;5;4;5;5;5;1;1;2;0;3;6;3;0;0;1;2
51;SUCRE;1;1;1;5;4;1;1;1;1;1;3;1;5;1;1;1;1;1;2;2;1;1;1;1;1;1;2;1;1;1;1;4;4;4;1;1;2;2;4;3;4;2;1;1;2;2;5;5;5;2;5;5;5;5;1;5;5;2;2;2;1;5;5;5;5;5;1;5;5;5;1;5;5;1;5;5;5;5;2;5;5;5;5;5;3;4;3;2;1;3;1;5;5;1;1;5;5;1;4;1;1;1;2;4;5;48;1;1;1;2;3;1;3;3;3;3;4;4;1;2;2;3;2;1;2;2;1;2;1;4;4;4;4;2;1;5;5;5;5;5;5;1;2;1;2;4;4;5;5;2;1;1;1;2;2;1;2;2;1;2;3;3;3;2;1;1;3;4;1;3;2;1300;2;2;1;1;2;2;2;2;1;2;1;2;5;5;5;5;5;5;5;5;5;5;5;5;5;4;4;5;5;5;2;1;2;0;3;6;3;0;0;1;2
52;SUCRE;1;1;1;4;4;1;1;1;1;1;2;1;2;2;2;2;1;4;4;4;1;1;1;1;1;1;2;1;1;1;1;1;1;1;1;1;2;2;2;2;2;2;1;1;2;4;4;4;4;4;4;5;5;5;1;5;5;1;1;1;5;5;5;5;5;1;5;5;5;5;5;5;5;5;5;5;2;2;5;5;5;5;5;5;3;3;3;3;1;4;4;5;4;1;1;4;4;1;3;1;1;1;2;3;4;48;1;1;1;1;2;1;4;4;3;3;3;3;1;1;1;1;1;1;1;2;3;1;1;1;4;4;4;1;1;5;5;5;5;5;5;2;2;1;2;4;4;5;5;1;1;1;1;1;1;1;2;1;1;2;2;2;3;3;1;1;4;4;2;3;2;1400;2;2;1;1;2;2;2;2;2;2;2;2;5;5;5;5;5;5;5;5;5;5;5;5;5;5;5;5;5;5;1;1;2;0;3;6;3;2;0;1;1
53;ROCAFUERTE;2;1;1;5;3;1;1;1;1;2;5;1;2;2;1;2;4;1;4;4;1;1;1;1;1;1;2;1;4;1;1;4;1;4;1;1;2;2;4;2;5;2;1;1;2;2;5;5;5;5;5;5;5;5;1;5;5;2;2;2;1;5;5;5;5;5;5;5;5;1;1;5;5;5;5;5;5;5;3;5;5;5;5;5;2;3;2;3;1;4;4;3;4;1;1;5;5;1;4;1;1;1;1;3;4;48;1;1;1;2;3;1;3;3;3;4;4;4;1;3;2;2;3;2;1;2;2;2;2;2;4;3;2;1;1;5;5;5;5;5;5;2;1;1;2;3;3;5;5;1;1;1;1;2;1;1;1;1;1;2;2;2;1;3;1;1;1;4;1;3;2;2000;2;2;2;2;2;2;2;2;2;2;2;2;5;5;5;5;5;5;5;5;5;5;5;5;2;5;5;5;5;5;1;1;2;0;2;6;3;10;0;1;3
54;SUCRE;2;1;1;3;3;1;1;1;1;2;5;1;4;3;1;1;3;3;3;3;1;2;2;2;1;2;2;1;1;1;1;2;1;2;1;1;2;2;2;2;2;2;1;1;3;3;3;3;3;3;3;5;5;5;1;5;5;1;1;1;1;5;5;5;5;1;5;5;5;5;5;5;5;5;5;5;2;2;5;5;5;5;5;5;2;1;2;1;1;4;4;5;5;1;1;5;5;1;3;1;1;1;2;4;4;48;1;1;1;2;2;1;3;4;2;3;3;3;1;1;1;1;1;1;1;1;2;1;1;1;3;4;4;1;1;5;5;5;5;5;5;1;1;1;1;4;4;5;5;2;1;1;1;1;1;1;2;2;1;2;2;2;2;3;1;1;4;4;1;5;2;1400;2;2;1;1;2;2;2;2;2;2;2;2;5;5;5;5;5;5;5;5;5;5;5;5;5;5;5;5;5;5;1;1;2;0;3;6;3;0;0;1;2
55;ROCAFUERTE;2;1;1;3;2;1;1;1;1;1;4;1;3;2;1;2;2;2;4;4;1;2;2;2;1;1;2;1;3;1;1;4;1;4;1;1;2;2;2;2;3;2;1;1;3;3;5;3;5;5;5;5;5;5;1;5;5;2;2;2;1;5;5;5;5;1;5;5;5;5;5;5;5;5;5;5;3;4;5;5;5;5;5;5;3;5;2;2;1;4;4;5;5;1;1;5;3;1;3;1;1;1;1;3;4;48;1;1;1;2;3;1;3;4;3;3;4;4;1;1;1;1;1;1;2;2;2;1;2;1;4;3;2;1;1;5;5;5;5;5;5;2;2;1;2;3;4;5;5;1;1;1;2;2;1;1;2;2;2;1;1;1;2;1;1;1;3;4;2;5;2;600;2;2;2;2;2;2;2;2;2;2;2;2;5;5;5;5;5;5;5;5;5;5;5;5;3;5;5;5;5;5;2;1;2;0;3;6;3;0;0;1;1
56;ROCAFUERTE;1;1;1;4;2;1;1;1;1;2;4;1;1;1;1;1;1;2;4;4;1;1;1;1;1;1;2;1;1;1;1;4;4;4;1;1;1;2;4;1;4;2;2;1;1;4;4;1;4;4;4;4;4;4;1;4;4;2;2;2;1;4;4;4;4;1;4;4;4;4;4;4;4;4;4;4;5;5;5;5;5;5;5;5;3;3;4;3;1;3;1;4;4;1;1;5;3;1;2;1;1;1;1;4;4;48;1;1;1;1;2;1;4;4;3;4;4;4;1;1;1;1;1;1;1;2;2;1;2;2;4;2;4;1;1;5;5;5;5;5;5;2;1;1;1;3;4;5;5;1;1;1;1;2;1;1;2;2;2;2;2;2;2;2;1;1;1;4;1;4;2;1320;2;2;2;2;2;2;2;2;2;2;2;2;4;4;4;4;4;4;4;4;4;4;4;4;4;4;4;4;4;4;1;1;2;0;3;6;3;0;0;1;2
57;ROCAFUERTE;1;1;1;4;1;1;1;1;1;1;1;1;1;1;1;1;1;1;3;3;1;1;1;1;1;1;2;1;1;1;1;4;1;4;1;1;1;2;4;1;4;2;2;1;4;1;4;1;4;4;4;4;4;4;1;4;4;2;2;2;1;1;4;4;4;4;4;4;4;4;1;1;4;4;4;4;5;5;2;2;5;5;5;5;2;4;2;2;1;4;1;3;2;1;1;3;3;1;4;1;1;1;1;2;3;48;1;1;1;2;4;1;2;2;3;2;4;4;1;1;1;1;1;1;1;1;1;1;1;1;4;2;2;1;1;5;5;5;5;5;5;1;1;1;2;2;3;5;5;1;1;1;1;2;1;1;2;1;1;2;2;2;3;3;1;1;4;4;1;4;2;800;2;2;2;2;2;2;2;2;2;2;2;2;4;4;4;4;4;4;4;4;4;4;4;4;4;4;4;4;4;4;2;1;2;0;3;6;6;0;0;1;2
58;ROCAFUERTE;1;1;1;4;2;2;1;1;1;2;4;2;4;1;1;1;1;1;4;4;1;1;1;1;1;1;2;1;1;1;1;4;1;4;1;1;1;2;4;1;4;2;1;2;1;1;1;4;4;1;4;4;4;4;1;4;4;2;2;2;1;4;4;4;4;1;4;4;4;4;4;4;4;4;4;4;5;5;5;5;2;2;5;2;2;3;3;3;1;4;1;3;3;1;1;3;3;1;4;1;1;1;1;4;4;48;1;1;1;1;4;1;2;2;2;3;4;4;1;1;1;1;1;1;1;1;1;1;1;1;4;2;2;1;1;5;5;5;5;5;5;1;1;1;1;2;2;5;5;1;1;1;1;1;1;1;1;1;1;2;2;2;2;3;1;1;1;4;1;4;2;2000;4;4;1;1;4;1;4;4;4;4;1;4;4;4;4;4;4;4;4;4;4;4;4;4;4;4;4;4;4;4;2;1;2;0;3;6;3;2;0;1;3
59;PORTOVIEJO;1;1;1;1;1;1;1;1;1;2;4;1;1;1;1;1;1;1;1;4;1;1;1;1;1;1;2;1;1;1;1;4;1;4;1;1;2;2;4;1;4;2;1;1;1;1;4;4;4;4;4;4;4;4;1;4;4;2;2;2;1;4;4;4;4;1;4;4;4;4;4;4;4;4;4;4;5;5;5;5;5;5;5;5;2;2;2;4;1;4;1;4;5;1;1;5;5;1;4;1;1;1;1;4;3;48;1;1;1;1;2;1;4;4;2;4;4;4;1;1;1;1;1;1;1;1;1;1;1;1;4;2;4;1;1;5;5;5;5;5;5;1;1;1;2;4;2;5;5;1;1;1;1;1;1;1;1;1;1;2;2;2;2;2;1;1;1;4;1;4;2;1200;2;2;2;2;2;2;2;2;2;2;2;2;4;4;4;4;4;4;4;4;4;4;4;4;4;4;4;4;4;4;1;1;2;0;3;6;3;0;0;1;1
60;ROCAFUERTE;1;2;1;4;1;1;1;1;1;4;2;2;4;1;1;1;4;1;4;4;1;2;2;1;2;2;2;1;1;1;1;1;1;1;1;1;2;2;2;2;2;2;1;1;1;4;1;1;4;1;4;4;4;4;1;4;4;2;2;2;1;4;4;4;4;1;4;4;4;4;4;4;4;4;4;4;2;4;5;5;5;5;5;5;2;5;5;2;1;2;4;4;5;1;1;5;2;1;4;1;2;1;2;2;2;52;1;1;1;2;4;1;2;2;2;2;3;3;1;1;1;1;1;1;1;1;1;1;1;1;4;2;4;1;1;5;5;5;5;5;5;2;2;1;1;3;2;5;5;1;1;1;1;1;1;1;2;2;2;2;2;2;3;3;1;1;1;4;1;2;2;1200;2;2;2;2;2;2;2;2;2;2;2;2;4;4;4;4;4;4;4;4;4;4;4;4;4;4;4;4;4;4;1;1;2;0;3;6;3;0;0;1;2
61;ROCAFUERTE;2;1;1;2;2;1;1;1;1;2;4;1;2;1;1;1;4;1;4;4;1;1;1;1;1;1;2;1;1;1;1;1;1;1;1;1;2;2;2;2;2;2;1;2;4;1;4;4;4;4;4;4;4;4;1;4;4;2;2;2;1;1;4;4;4;4;4;4;4;4;1;1;4;4;4;4;5;5;5;5;5;5;5;5;4;2;4;4;1;3;2;5;5;1;1;5;5;1;2;1;2;2;2;3;4;48;1;1;1;2;4;1;2;2;2;2;3;4;1;1;1;1;2;2;2;2;2;1;2;2;4;2;4;1;1;5;5;5;5;5;5;1;1;1;2;4;4;5;5;2;1;1;1;1;1;1;2;1;1;2;2;2;3;3;1;1;1;4;1;4;2;800;2;2;2;2;2;2;2;2;2;2;1;2;4;4;4;4;4;4;4;4;4;4;4;4;4;4;4;4;4;4;2;1;2;0;3;6;3;0;0;1;2
62;SUCRE;1;1;1;4;1;1;1;1;1;2;1;1;1;1;1;1;1;1;4;4;1;1;1;1;1;1;2;1;1;1;1;4;1;4;1;1;1;2;4;1;4;1;1;1;1;1;4;1;4;4;4;4;4;4;1;4;4;2;2;2;1;4;4;4;4;1;4;4;4;4;4;4;4;4;4;4;5;5;5;5;5;5;5;5;3;2;4;4;1;4;1;5;5;1;1;5;5;1;3;1;1;1;1;4;4;48;1;1;1;2;4;1;2;4;3;3;4;4;1;1;1;1;1;1;1;1;1;1;1;1;4;4;4;1;1;5;5;5;5;5;5;1;1;1;2;4;4;5;5;1;1;1;1;1;1;1;1;1;1;2;2;2;3;3;1;1;1;4;1;4;2;1600;2;2;2;2;2;2;2;2;2;2;2;2;4;4;4;4;4;4;4;4;4;4;4;4;4;4;4;4;4;4;1;1;2;0;3;6;3;2;0;1;2
63;PORTOVIEJO;2;1;2;4;1;2;1;1;1;1;4;2;4;1;1;1;1;1;4;4;1;2;2;1;1;2;2;1;1;1;1;1;1;1;1;1;2;2;2;1;2;2;1;1;1;1;4;4;4;4;4;4;4;4;1;4;4;2;2;2;1;1;4;4;4;4;4;4;4;4;1;1;4;4;4;4;5;5;5;5;5;5;5;5;2;2;4;2;1;4;2;5;5;1;1;5;5;1;4;1;1;1;1;4;4;48;1;1;1;2;2;1;4;3;2;3;4;4;1;1;1;1;2;1;1;1;1;1;1;1;4;4;4;1;1;5;5;5;5;5;5;1;1;1;2;4;4;5;5;1;1;1;1;1;1;1;2;2;1;2;2;2;2;3;1;1;2;4;1;4;2;1200;2;2;2;2;2;2;2;2;1;2;1;2;4;4;4;4;4;4;4;4;4;4;4;4;4;4;4;4;4;4;1;1;2;0;4;6;1;0;0;1;1
64;ROCAFUERTE;1;1;1;2;1;1;1;1;1;2;4;1;1;1;1;1;4;1;4;4;1;1;1;1;1;1;2;1;1;1;1;4;4;4;1;1;1;2;2;2;2;1;1;1;1;1;4;4;4;4;4;4;4;4;1;4;4;2;2;2;1;1;4;4;4;4;4;4;4;4;1;1;4;4;4;4;5;5;5;5;5;5;5;5;4;2;2;4;1;4;1;5;5;1;1;5;5;1;4;1;1;1;1;4;4;48;1;1;1;1;2;1;4;4;2;4;4;4;1;1;1;1;1;1;1;2;2;1;2;1;4;4;4;1;1;5;5;5;5;5;5;1;1;1;2;4;4;5;5;1;1;1;1;2;1;1;2;2;1;2;2;2;2;2;1;1;2;4;1;4;2;2000;2;2;2;2;2;2;2;2;2;2;2;2;4;4;4;4;4;4;4;4;4;4;4;4;4;4;4;4;4;4;1;1;2;0;3;6;3;1;0;1;2
65;SUCRE;1;1;1;4;1;1;1;1;1;1;1;1;1;1;1;1;4;4;1;4;1;2;2;1;1;1;2;1;1;1;1;4;1;4;1;1;1;2;4;1;4;1;1;1;1;4;4;1;4;4;4;4;4;4;1;4;4;2;2;2;4;4;4;4;4;1;4;4;4;4;4;4;4;4;4;4;2;2;4;5;5;5;5;5;2;2;4;3;1;4;1;3;4;1;1;5;5;1;3;1;1;1;1;2;3;48;1;1;1;2;4;1;2;2;2;2;4;4;1;1;1;1;1;1;1;1;1;1;1;1;4;2;2;1;1;5;5;5;5;5;5;1;1;1;2;4;4;5;5;1;1;1;1;2;1;1;2;2;1;2;2;2;2;2;1;1;1;4;1;2;2;800;1;1;1;1;1;1;1;1;1;1;1;1;4;4;4;4;4;4;4;4;4;4;4;4;4;4;4;4;4;4;1;1;2;0;3;6;3;0;0;1;1
66;ROCAFUERTE;1;1;1;4;1;1;1;1;1;2;4;2;4;1;1;1;4;1;4;4;1;2;2;1;2;2;2;1;1;1;1;1;1;1;1;1;2;2;4;1;4;1;1;1;1;1;4;4;4;4;4;4;4;4;1;4;4;2;2;2;4;4;4;4;4;1;1;4;4;4;4;4;4;4;4;4;5;5;5;5;5;5;5;5;5;2;4;4;1;4;1;5;5;1;1;5;5;1;4;1;1;1;1;2;3;48;1;1;1;1;4;1;2;2;2;2;4;4;1;1;1;1;1;1;1;2;2;1;1;1;4;4;4;1;1;5;5;5;5;5;5;2;2;1;2;4;4;5;5;1;1;1;1;2;2;2;2;2;1;2;3;3;3;3;1;1;2;4;1;4;2;1000;2;2;2;2;2;2;2;2;1;2;1;2;4;4;4;4;4;4;4;4;4;4;4;4;3;4;4;4;4;4;2;1;2;0;2;6;1;0;0;1;1
67;SUCRE;2;2;1;4;1;2;1;1;1;2;4;1;1;1;1;1;2;1;4;4;1;1;1;1;1;1;2;1;1;1;1;2;1;4;1;1;2;2;2;1;2;1;1;1;1;1;4;4;4;1;4;4;4;4;1;4;4;2;2;2;1;1;4;4;4;4;4;4;4;4;1;4;1;4;4;4;2;5;5;5;5;5;5;5;4;3;4;2;1;4;1;5;5;1;1;5;5;1;2;1;1;1;2;4;4;48;1;1;1;2;4;1;2;4;2;4;4;4;1;1;1;1;1;1;1;2;1;1;1;1;4;2;4;1;1;5;5;5;5;5;5;1;1;1;2;4;4;5;5;1;1;1;1;2;1;1;2;2;1;2;2;2;2;2;1;1;1;4;1;4;2;800;2;2;2;2;2;2;2;2;2;2;2;2;4;4;4;4;4;4;4;4;4;4;4;4;4;4;4;4;4;4;2;1;2;0;4;6;3;0;0;1;2
68;ROCAFUERTE;1;1;1;4;1;1;1;1;1;2;4;1;4;1;1;1;4;1;1;4;1;1;1;1;1;1;2;1;1;1;1;4;1;4;1;1;2;2;4;1;4;1;1;1;1;1;4;4;4;4;4;4;4;4;1;4;4;2;2;2;1;1;4;4;4;4;4;4;4;4;1;1;1;4;4;4;5;5;3;5;5;5;5;5;2;2;2;3;1;4;1;5;5;1;1;2;5;1;2;1;1;1;1;4;5;48;1;1;1;2;2;1;4;4;2;4;4;4;1;1;1;1;1;1;1;1;1;1;1;1;4;4;4;1;1;5;5;5;5;5;5;1;1;1;2;4;4;5;5;1;1;1;1;1;1;1;2;2;1;2;2;2;3;3;1;1;2;4;1;4;2;1200;2;2;2;2;2;2;2;2;2;2;2;2;4;4;4;4;4;4;4;4;4;4;4;4;4;4;4;4;4;4;1;1;2;0;2;6;3;0;0;1;1
69;SUCRE;2;1;1;4;2;1;1;1;1;2;4;1;4;1;1;1;4;1;1;4;1;2;2;1;1;2;2;1;4;1;1;4;4;4;1;1;2;2;4;2;2;2;2;2;1;1;1;4;4;1;4;4;4;4;1;4;4;2;2;2;1;1;4;4;4;4;4;4;4;4;1;4;4;4;1;1;4;4;2;5;5;5;5;5;1;1;2;1;1;4;4;2;2;1;1;4;5;1;5;1;1;1;1;4;5;56;2;2;2;2;4;1;2;2;2;2;4;4;1;1;1;1;2;2;1;1;1;1;1;1;4;4;4;1;1;5;5;5;5;5;5;1;2;2;1;1;4;5;5;1;1;1;1;1;1;1;2;2;1;1;1;2;2;3;1;1;2;4;1;2;2;1000;2;2;2;2;2;2;2;2;2;2;1;2;4;4;4;4;4;4;4;4;4;4;4;4;3;4;4;4;4;4;1;1;2;0;3;6;3;0;1;1;1
70;ROCAFUERTE;1;1;1;4;4;1;1;1;1;1;2;2;4;2;2;1;4;1;4;4;1;2;2;1;1;1;2;1;1;1;1;2;4;2;1;1;2;2;4;1;4;2;1;1;1;1;4;4;4;4;4;4;4;4;1;4;4;2;2;2;1;1;4;4;4;4;4;4;4;4;1;1;4;4;4;4;2;2;4;5;5;5;5;5;2;1;2;1;1;4;2;4;5;1;1;4;4;1;2;1;1;1;2;4;4;48;1;1;1;2;2;1;4;4;2;4;4;4;1;2;1;1;2;1;1;1;2;1;1;1;4;4;2;1;1;5;5;5;5;5;5;1;1;1;1;2;4;5;5;1;1;1;1;2;1;1;2;1;1;2;2;1;2;2;1;1;1;4;1;2;2;1200;2;2;2;2;2;2;2;2;2;2;2;2;4;4;4;4;4;4;4;4;4;4;4;4;4;4;4;4;4;4;1;1;2;0;3;6;3;1;0;1;2
71;PORTOVIEJO;1;1;1;2;1;1;1;1;1;1;1;1;1;1;1;1;1;1;1;2;2;1;1;1;1;1;2;2;2;1;2;2;1;2;2;2;2;2;2;1;1;1;1;1;4;1;4;4;4;4;4;4;4;4;1;4;4;2;2;2;1;4;4;4;4;4;4;4;4;2;2;2;1;1;1;1;1;4;2;4;4;4;4;4;2;4;4;1;1;4;4;2;2;4;2;4;2;1;1;1;1;1;1;1;1;52;2;2;2;2;2;2;2;2;2;2;4;4;1;1;1;1;1;1;1;1;1;2;2;2;4;2;4;2;1;5;5;5;5;5;5;2;1;1;1;1;1;4;4;4;1;1;1;1;1;1;1;1;1;1;1;1;1;1;2;1;4;1;1;4;2;300;2;1;1;1;1;2;2;2;2;2;2;2;4;4;4;4;4;4;4;4;4;4;4;4;4;4;4;4;4;4;2;1;2;0;3;1;6;0;0;1;1
72;SUCRE;1;1;1;4;2;1;1;1;1;1;1;1;2;1;1;1;2;1;4;4;1;1;1;1;1;1;2;1;1;1;1;4;4;4;1;1;2;2;4;2;4;2;1;1;1;1;4;4;4;4;4;5;5;5;1;5;5;2;2;2;1;5;5;5;5;5;1;5;5;4;1;4;4;4;1;4;5;5;5;5;5;5;5;5;2;2;4;2;1;4;4;4;4;1;1;4;4;1;2;1;1;1;1;2;4;56;1;2;2;2;2;1;4;4;2;4;4;4;1;1;1;1;2;1;1;1;1;1;1;1;4;4;4;1;1;5;5;5;5;5;5;1;1;1;2;4;4;5;5;1;1;1;1;2;1;1;2;2;1;2;2;3;3;3;1;1;2;4;1;4;2;1200;2;2;2;2;2;2;2;2;2;2;2;2;4;4;4;4;4;4;4;4;4;4;4;4;4;4;4;4;4;4;1;1;2;0;3;6;3;0;0;1;2
73;SUCRE;1;2;2;4;1;2;2;1;1;1;1;2;2;1;1;1;1;1;2;2;2;1;1;2;2;2;2;2;2;2;1;4;2;2;1;1;1;2;2;1;2;1;1;1;4;1;4;4;4;4;4;4;4;4;1;1;4;2;2;2;1;4;4;4;4;4;4;4;4;4;1;1;1;1;1;1;4;4;4;4;4;4;4;4;4;4;4;4;1;4;4;4;4;2;2;4;4;1;1;1;1;1;1;4;4;56;2;2;2;4;2;1;4;4;4;4;4;4;1;1;1;1;1;1;1;1;1;1;1;1;4;2;2;2;1;5;5;5;5;5;5;4;1;1;1;1;1;4;4;4;2;2;1;1;1;1;1;1;1;2;2;1;2;2;2;1;1;1;1;4;2;1500;2;2;1;1;1;2;2;2;2;1;1;1;4;4;4;4;4;4;4;4;4;4;4;4;4;4;4;4;4;4;2;1;2;0;3;6;3;2;0;1;2
74;ROCAFUERTE;1;1;1;1;1;1;1;1;1;1;4;1;2;1;1;1;1;1;2;2;1;1;1;1;1;1;2;1;1;1;1;4;1;4;1;1;2;2;4;2;4;2;2;2;1;1;1;4;4;1;4;4;4;4;1;4;4;1;1;1;1;1;5;5;5;5;5;5;5;4;1;4;4;4;1;1;5;5;5;5;5;5;5;5;2;2;2;4;1;4;2;4;4;1;1;4;4;1;2;1;1;1;1;2;4;52;2;2;2;2;4;1;2;2;2;4;4;4;1;1;1;1;1;1;1;1;1;1;2;1;4;4;4;1;1;5;5;5;5;5;5;1;1;1;2;2;4;5;5;1;1;1;1;1;1;1;2;1;1;2;2;2;2;3;1;1;2;4;1;4;2;1250;1;1;1;1;1;1;1;1;1;1;1;1;4;4;4;4;4;4;4;4;4;4;4;4;4;4;4;4;4;4;2;1;2;0;3;6;3;1;1;1;2
75;ROCAFUERTE;1;1;1;4;2;1;1;1;1;1;1;1;1;1;1;1;1;1;4;4;1;1;1;1;1;1;2;1;1;1;1;4;1;4;1;1;2;2;4;2;4;2;1;1;5;1;5;5;5;5;5;5;5;5;1;5;5;2;2;2;1;5;5;5;5;1;5;5;5;5;5;5;5;5;5;5;4;4;5;5;5;5;5;5;2;2;2;2;1;4;4;4;4;1;1;4;5;1;4;1;1;1;1;4;4;48;1;1;1;2;4;1;4;2;2;2;2;2;1;1;1;1;2;1;1;1;1;1;1;1;4;4;4;1;1;5;5;5;5;5;5;1;1;1;2;2;4;5;5;1;1;1;1;1;1;1;1;1;1;2;2;2;2;2;1;1;2;4;1;2;3;1200;2;2;2;2;2;2;2;2;2;2;2;2;5;5;5;5;5;5;5;4;4;4;4;4;4;4;4;4;4;4;1;1;2;0;3;6;3;0;0;1;1
76;ROCAFUERTE;1;1;1;4;4;2;1;1;1;1;5;1;1;1;1;1;1;1;3;3;2;1;1;1;1;1;2;1;1;1;1;3;1;3;1;1;2;2;3;1;3;2;1;1;2;2;4;4;4;4;4;5;5;5;5;5;5;2;2;2;1;5;5;5;5;1;5;5;5;5;5;5;5;5;5;5;5;5;5;5;5;5;5;5;3;2;3;3;1;1;4;5;5;1;1;5;5;1;3;1;1;1;1;3;3;48;1;1;1;2;3;1;4;4;3;3;4;4;1;3;1;1;3;1;1;1;1;1;1;1;3;4;4;1;1;5;5;5;5;5;5;2;2;1;2;3;4;5;5;1;1;1;1;1;1;1;2;2;1;2;2;1;3;3;1;1;4;4;1;4;2;1600;2;2;2;2;2;2;2;2;2;2;2;2;5;5;5;5;5;5;5;5;5;5;5;5;3;4;5;5;5;5;2;1;2;0;3;6;3;0;0;1;2
77;ROCAFUERTE;1;1;1;4;2;2;1;1;1;1;5;1;1;1;1;1;3;1;3;3;1;2;2;2;1;2;2;1;1;1;1;1;1;1;1;1;2;2;1;1;1;1;1;1;5;1;5;5;5;5;5;5;5;5;1;5;5;2;2;2;1;5;5;5;5;5;5;5;5;5;1;5;5;5;2;5;5;1;5;5;5;2;5;5;4;4;3;4;1;4;2;5;5;1;1;5;5;1;3;1;1;1;1;3;4;48;1;1;1;2;3;1;3;4;2;3;4;4;1;1;1;1;2;1;1;1;1;1;1;1;3;4;2;1;1;5;5;5;5;5;5;2;2;1;1;4;4;5;5;1;1;1;1;1;1;1;2;1;1;2;2;2;3;3;1;1;3;4;1;5;2;1000;2;2;2;2;2;2;2;2;2;2;2;2;5;5;5;5;5;5;5;5;5;5;5;5;5;5;5;5;5;5;1;1;1;1;3;6;6;0;0;1;2
78;ROCAFUERTE;2;1;1;2;2;1;1;1;1;1;4;2;2;2;1;2;4;1;4;4;1;2;2;2;1;2;2;1;1;1;1;1;1;1;1;1;2;2;1;2;1;2;1;1;1;1;4;4;4;4;4;4;4;4;1;4;4;2;2;2;1;1;4;4;4;4;4;4;4;4;1;1;4;4;1;4;5;5;5;5;5;5;5;5;3;2;3;4;1;4;1;4;5;1;1;5;5;1;2;1;1;1;1;3;2;48;1;1;1;2;2;1;4;3;2;3;4;4;1;1;1;1;1;1;1;1;1;1;1;1;4;2;4;1;1;5;5;5;5;5;5;1;1;1;2;4;4;5;5;1;1;1;2;1;1;1;1;1;1;1;1;2;3;3;1;1;4;4;2;4;2;1000;2;2;2;2;2;2;2;2;2;2;2;2;4;4;4;4;4;4;4;4;4;4;4;4;4;4;4;4;4;4;1;1;2;0;2;6;1;0;0;1;1
79;SUCRE;1;1;1;4;1;1;1;2;2;2;2;2;2;1;1;1;1;1;2;2;2;1;1;1;1;1;2;2;1;1;1;2;1;1;1;1;1;2;2;1;1;1;1;1;4;1;4;4;4;4;4;4;4;4;1;4;4;2;2;2;1;4;4;4;4;4;4;4;4;2;1;2;1;1;1;1;4;4;4;4;4;4;4;4;4;2;4;4;1;4;4;4;4;4;1;4;4;1;1;1;1;1;1;4;4;52;2;2;2;2;1;1;4;4;4;4;4;4;1;1;1;1;1;1;1;1;1;1;1;1;4;2;4;2;2;5;5;5;5;5;5;1;4;4;4;4;4;4;4;4;2;2;2;1;1;1;1;1;1;1;1;1;1;1;2;1;1;4;1;4;2;1200;1;2;2;2;2;2;2;2;2;2;2;2;4;4;4;4;4;4;4;4;4;4;4;4;4;4;4;4;4;4;1;1;2;0;3;6;6;0;0;1;2
80;SUCRE;2;1;1;4;4;1;1;1;1;1;4;1;1;1;1;1;4;1;4;4;1;1;1;1;1;1;2;1;1;1;1;1;1;1;1;1;2;2;4;2;2;1;1;1;1;1;4;4;4;4;4;4;4;4;1;4;4;2;2;2;1;4;4;4;4;1;4;4;4;4;4;4;4;4;4;4;5;4;5;5;5;5;5;5;2;1;2;2;1;4;4;5;5;1;1;5;5;1;4;1;1;1;1;2;4;52;1;2;2;2;4;1;2;2;2;4;4;4;1;1;1;1;2;2;1;1;2;1;1;1;4;4;4;1;1;5;5;5;5;5;5;1;1;1;1;4;4;5;5;1;1;1;1;2;2;1;2;2;1;2;2;2;3;3;1;1;2;4;1;4;2;800;1;1;1;1;1;1;1;1;1;1;1;1;4;4;4;4;4;4;4;4;4;4;4;4;4;4;4;4;4;4;1;1;2;0;3;6;3;0;0;1;1
81;SUCRE;1;1;1;5;4;2;1;1;1;1;4;1;4;1;1;1;4;1;4;4;1;2;2;1;1;2;2;1;1;1;1;4;1;4;1;1;2;2;4;2;4;2;2;2;1;4;4;1;4;4;4;4;4;4;1;4;4;2;2;2;1;1;4;4;4;4;4;4;4;4;1;1;4;4;4;4;5;5;2;5;5;5;5;5;2;4;2;2;1;2;4;2;4;1;1;3;5;1;4;1;1;1;1;2;3;48;1;1;1;2;4;1;2;2;2;3;3;3;1;1;1;1;1;1;1;1;1;1;1;1;4;2;2;2;1;5;5;5;5;5;5;1;1;1;2;4;4;5;5;1;1;1;1;2;2;2;2;2;2;2;2;2;2;2;1;1;1;4;1;2;2;600;2;2;1;1;2;2;2;2;2;2;1;2;4;4;4;4;4;4;4;4;4;4;4;4;3;4;4;4;4;4;2;1;2;0;4;6;6;0;0;1;2
82;SUCRE;2;1;1;4;2;2;1;1;1;2;1;2;4;2;1;1;4;4;1;4;1;1;1;1;1;1;2;1;1;1;1;4;1;4;1;1;2;2;2;2;2;1;1;1;1;4;4;1;4;4;4;4;4;4;1;4;4;2;2;2;4;4;4;4;4;1;1;4;4;4;4;4;4;4;4;4;5;5;5;5;5;5;5;5;2;2;3;2;1;4;2;3;3;1;1;4;3;1;4;1;1;1;1;2;3;48;1;1;1;2;4;1;1;3;2;3;4;4;1;1;1;1;1;1;1;1;1;1;1;1;4;2;4;1;1;5;5;5;5;5;5;1;1;1;2;3;2;5;5;1;1;1;1;1;1;1;2;1;1;2;2;2;2;3;1;1;2;4;1;2;3;800;2;2;1;1;2;2;2;2;2;2;1;2;4;4;4;4;4;4;4;4;4;4;4;4;4;4;3;4;4;4;1;1;2;0;3;6;3;0;0;1;1
83;SUCRE;1;1;1;2;1;2;1;1;1;2;4;1;2;1;1;1;4;1;4;4;1;1;1;1;1;1;2;1;1;1;1;1;1;1;1;1;1;2;4;1;4;1;1;1;4;1;4;4;4;4;4;4;4;4;1;4;4;2;2;2;1;1;4;4;4;4;4;4;4;4;1;4;1;4;4;4;5;5;5;5;5;5;5;5;4;2;4;4;1;3;2;5;5;1;1;5;5;1;2;1;2;1;1;3;4;48;1;1;1;2;2;1;4;4;2;3;4;4;1;1;1;1;2;1;1;2;2;1;2;1;4;4;4;1;1;5;5;5;5;5;5;1;1;1;2;3;4;5;5;1;1;1;1;2;1;1;1;2;1;2;2;2;3;3;1;1;2;4;1;4;2;1200;1;1;1;1;1;1;1;1;1;1;1;1;4;4;4;4;4;4;4;4;4;4;4;4;3;4;4;4;4;4;1;1;2;0;2;6;1;0;0;1;1
84;SUCRE;1;2;1;4;2;2;1;1;1;2;4;1;4;2;1;1;1;4;1;4;1;1;1;1;1;1;2;1;1;1;1;4;1;4;1;1;2;2;4;1;4;1;1;1;4;1;4;4;4;4;4;4;4;4;1;1;4;2;2;2;1;4;4;4;4;1;4;4;4;4;4;4;4;4;4;4;5;5;5;5;5;5;5;5;3;2;4;5;1;4;2;4;4;1;1;4;5;1;4;1;1;1;2;2;4;48;1;1;1;2;4;1;2;2;2;3;4;4;1;1;1;1;1;1;1;1;1;1;1;1;4;4;4;2;1;5;5;5;5;5;5;1;1;1;1;4;4;5;5;2;1;1;1;2;1;1;2;2;1;1;1;1;1;2;1;1;2;4;1;4;2;1000;2;2;2;2;2;2;2;2;2;2;2;2;4;4;4;4;4;4;4;4;4;4;4;4;4;4;4;4;4;4;2;1;2;0;3;6;4;0;0;1;2
85;ROCAFUERTE;2;2;2;4;2;2;2;2;2;2;1;1;4;1;1;1;2;1;4;4;1;2;2;2;1;1;2;1;1;1;1;1;1;1;1;1;2;2;2;2;2;2;1;2;4;1;4;4;4;4;4;4;4;4;1;4;4;2;2;2;1;4;4;4;4;1;4;4;4;4;4;4;4;4;4;4;5;5;5;5;5;5;5;5;4;2;4;4;1;4;2;5;5;1;1;5;5;1;1;1;1;1;1;4;5;48;1;1;1;1;4;1;2;4;2;4;4;4;1;1;1;1;1;1;1;1;1;1;1;1;4;2;4;1;1;5;5;5;5;5;5;1;1;1;2;5;4;5;5;1;1;1;1;2;1;1;2;2;1;1;2;1;2;3;1;1;2;4;1;4;2;1200;1;1;1;1;1;1;1;1;1;1;1;1;4;4;4;4;4;4;4;4;4;4;4;4;4;4;4;4;4;4;1;1;2;0;2;6;1;0;0;1;1
86;PORTOVIEJO;2;1;1;4;2;3;2;2;1;2;5;1;2;1;1;1;1;1;3;3;1;1;2;1;1;2;2;1;3;1;1;4;1;4;1;1;2;2;4;1;4;1;1;1;3;1;3;3;3;3;3;5;5;5;1;5;5;1;1;1;5;5;5;5;5;1;1;5;5;5;1;5;1;5;5;5;5;5;5;5;5;5;5;5;4;4;4;4;1;4;2;5;5;1;1;5;5;1;3;1;1;1;1;3;4;48;1;1;1;1;2;1;3;3;2;3;3;3;1;2;1;2;2;1;2;2;2;1;2;2;5;2;2;1;1;5;5;5;5;5;5;2;2;1;1;3;3;5;5;1;1;1;1;2;1;1;2;1;1;2;2;2;2;2;1;2;2;4;1;4;1;1200;1;1;1;1;2;1;2;2;1;2;1;2;5;5;5;5;5;5;5;5;5;5;5;5;2;4;4;5;5;5;1;1;2;0;4;5;4;1;0;1;1
87;SUCRE;1;1;1;2;1;3;1;1;1;1;1;1;3;1;1;1;2;3;4;4;2;1;2;1;2;2;2;2;2;1;1;2;2;2;1;1;1;2;3;1;4;1;1;1;4;1;4;2;4;4;4;5;5;5;5;5;5;5;5;5;1;4;4;4;4;4;4;4;4;4;2;2;2;3;1;1;4;4;5;5;5;5;5;5;3;1;3;3;1;4;3;5;5;1;1;5;5;1;3;1;1;1;1;3;1;48;1;1;1;1;1;2;3;3;2;3;4;4;1;1;1;1;1;1;2;2;2;1;1;1;4;3;4;1;1;5;5;5;5;5;5;1;1;1;1;4;3;5;5;5;1;1;2;2;1;5;1;1;1;1;2;1;1;1;2;1;3;4;1;3;2;12000;3;3;2;2;2;2;2;2;1;2;2;2;5;5;5;5;5;5;5;5;5;5;5;5;1;3;3;5;5;5;1;1;2;0;3;6;3;0;0;1;1
88;SUCRE;1;1;2;4;1;2;1;1;1;1;1;1;2;2;2;1;2;2;3;3;2;2;3;2;3;2;2;1;2;1;1;4;4;4;2;1;1;1;0;0;0;0;0;0;4;1;4;4;4;4;4;5;5;5;5;5;5;5;5;5;1;5;5;5;5;1;5;5;5;5;5;5;5;5;5;5;5;5;5;5;5;5;5;5;3;1;3;4;1;1;3;5;5;5;1;5;5;1;4;1;1;1;1;3;3;48;1;1;1;1;2;4;3;2;3;4;4;1;1;1;1;1;1;1;1;2;1;1;1;1;5;3;4;1;1;5;5;5;5;5;5;1;1;1;1;3;3;5;5;5;1;1;2;1;1;5;2;1;1;2;2;2;2;2;1;1;2;4;1;4;3;1600;1;1;1;1;1;1;1;1;1;1;1;1;5;5;5;5;5;5;5;4;5;5;5;5;1;4;5;5;5;5;1;1;2;0;2;6;1;0;0;1;1
89;PORTOVIEJO;2;1;1;3;1;3;1;1;1;1;2;1;3;1;1;1;1;3;1;4;1;1;1;1;1;1;2;1;3;1;1;4;2;4;1;2;1;2;2;1;4;1;1;1;4;1;4;4;4;4;4;5;5;5;5;5;5;5;5;5;1;4;4;4;4;1;4;4;4;5;5;5;5;5;5;5;2;5;5;5;5;5;5;5;2;4;3;3;1;3;1;3;3;5;1;5;2;1;4;1;1;1;1;3;3;52;3;1;3;2;3;1;3;3;2;3;4;3;1;1;1;1;1;1;2;1;1;1;1;1;4;2;2;1;1;5;5;5;5;5;5;1;1;1;1;2;2;5;5;5;1;1;2;2;1;5;1;1;1;1;1;1;2;1;2;1;2;4;1;4;2;1200;3;3;2;2;2;2;2;2;3;2;2;2;5;5;5;5;5;5;5;5;5;5;5;5;3;5;5;5;5;5;1;1;2;0;4;6;9;0;0;1;1
90;ROCAFUERTE;1;1;1;1;1;1;1;1;1;1;1;1;2;1;1;1;1;1;1;1;1;1;1;1;1;1;2;1;1;1;1;4;2;2;2;1;1;2;1;1;4;2;1;1;1;1;1;1;1;1;1;4;4;4;1;4;4;2;2;2;1;4;4;4;4;4;4;4;4;4;1;2;1;2;2;2;2;2;2;2;4;4;4;4;2;2;2;2;1;4;4;2;2;4;2;2;2;2;1;1;1;1;1;4;4;52;1;1;1;1;1;1;4;4;4;4;4;4;1;1;1;1;1;1;1;1;1;1;1;1;4;2;2;1;1;5;5;5;5;5;5;1;1;1;1;1;1;4;4;2;2;1;1;1;1;1;1;1;1;1;1;1;1;1;1;1;1;4;2;4;2;1200;2;2;2;2;2;2;2;2;2;2;2;2;4;4;4;4;4;4;4;4;4;4;4;4;4;4;4;4;4;4;2;1;2;0;3;6;1;0;0;1;1
91;SUCRE;1;1;1;4;1;1;1;1;1;1;1;1;2;1;1;1;2;1;4;4;1;2;2;2;1;2;2;1;4;1;1;4;1;4;1;1;2;2;4;2;4;1;1;1;1;1;4;4;4;4;4;4;4;4;1;4;4;2;2;2;1;5;5;5;5;1;5;5;5;4;4;4;4;4;4;4;5;5;2;5;5;5;5;5;1;1;2;1;1;4;2;4;4;1;1;3;2;1;2;1;1;1;1;2;4;52;2;1;2;2;4;1;2;4;2;2;4;4;1;1;1;1;2;2;1;1;2;1;2;1;4;2;4;1;1;5;5;5;5;5;5;1;1;1;1;4;4;5;5;1;1;1;1;1;1;1;1;1;2;2;2;2;2;2;1;1;2;4;1;4;2;800;2;2;2;2;2;2;2;2;2;2;2;2;4;4;4;4;4;4;4;4;4;4;4;4;4;4;4;4;4;4;1;1;2;0;3;6;3;0;0;1;3
92;ROCAFUERTE;2;1;1;4;2;2;1;1;1;1;4;1;2;1;1;1;4;1;1;4;1;1;1;1;1;1;2;1;1;1;1;4;1;4;1;1;2;2;4;1;4;1;1;1;1;4;4;4;4;4;4;4;4;4;1;4;4;2;2;2;1;1;4;4;4;4;4;4;4;4;1;1;4;4;4;4;5;5;2;5;5;5;5;5;2;3;2;4;1;3;4;3;3;1;1;4;5;1;4;1;1;1;1;2;3;48;1;1;1;2;4;1;2;2;2;2;4;4;1;1;1;1;1;1;1;1;1;1;1;1;4;2;2;1;1;5;5;5;5;5;5;1;1;1;2;4;4;5;5;1;1;1;1;1;1;1;2;1;1;2;2;2;3;3;1;1;2;4;1;4;2;1200;2;2;2;2;2;2;2;2;2;2;2;2;4;4;4;4;4;4;4;4;4;4;4;4;3;4;4;4;4;4;1;1;2;0;3;6;6;1;0;1;2
93;ROCAFUERTE;1;1;1;4;2;1;1;1;1;1;4;1;1;1;1;1;2;2;4;4;1;2;2;1;1;2;2;1;1;1;1;4;1;4;1;1;2;2;2;2;2;1;1;1;4;1;4;4;4;4;4;4;4;4;1;4;4;2;2;2;1;1;4;4;4;4;4;4;4;4;1;1;4;4;4;4;5;5;5;5;5;5;5;5;4;2;3;4;1;4;1;5;5;1;1;5;5;1;2;1;1;1;1;3;4;48;1;1;1;2;2;1;4;3;2;3;4;4;1;1;1;1;1;1;1;2;2;2;2;2;4;4;4;1;1;5;5;5;5;5;5;1;1;1;2;4;4;5;5;2;1;1;2;2;1;1;2;1;1;2;2;2;2;3;1;1;2;4;1;4;2;1200;2;2;2;2;2;2;2;2;2;2;2;2;4;4;4;4;4;4;4;4;4;4;4;4;4;3;4;4;4;4;1;1;2;0;3;6;3;0;0;1;2
94;SUCRE;1;1;1;4;1;1;1;1;1;1;4;1;1;1;1;1;2;1;4;4;1;2;2;1;1;2;2;1;4;1;1;1;1;1;1;1;1;2;2;1;2;1;1;1;4;1;4;4;4;4;4;4;4;4;1;4;4;2;2;2;4;4;4;4;4;1;1;4;4;4;4;4;4;4;4;4;5;5;5;5;5;5;5;5;2;2;4;4;1;4;1;5;5;1;1;5;5;1;2;1;1;1;1;4;5;48;1;1;1;2;2;1;4;3;2;4;4;4;1;2;1;1;2;1;1;1;1;1;1;1;4;4;4;1;1;5;5;5;5;5;5;1;1;1;2;4;4;5;5;1;1;1;1;1;1;1;2;1;1;2;2;2;2;3;1;1;2;4;2;4;2;1000;2;2;1;1;2;2;2;2;2;2;1;2;4;4;4;4;4;4;4;4;4;4;4;4;3;4;4;4;4;4;1;1;2;0;2;6;1;0;0;1;1
95;ROCAFUERTE;1;1;1;4;1;1;1;1;1;1;4;1;4;1;1;1;4;4;1;4;1;2;2;1;1;2;2;1;4;1;1;4;4;4;1;1;2;2;4;1;4;2;1;1;4;1;4;4;4;4;4;4;4;4;1;4;4;2;2;2;1;1;4;4;4;4;4;4;4;4;1;1;1;4;4;4;5;5;5;5;5;5;5;5;3;2;2;2;1;3;1;5;5;1;1;5;5;1;3;1;1;1;1;3;4;48;1;1;1;2;2;1;4;3;2;4;4;4;1;1;1;1;1;1;1;2;2;1;2;1;4;2;4;1;1;5;5;5;5;5;5;1;1;1;1;3;3;5;5;1;1;1;2;1;1;1;1;1;1;1;2;1;2;3;1;1;2;4;1;4;2;1000;2;2;2;2;2;2;2;2;2;2;1;2;4;4;4;4;4;4;4;4;4;4;4;4;3;4;4;4;4;4;1;1;2;0;3;6;3;0;0;1;2
96;ROCAFUERTE;1;1;1;4;1;1;1;1;1;1;4;1;1;1;1;1;4;4;1;4;1;1;1;1;1;1;2;1;1;1;1;1;1;1;1;1;2;2;2;1;2;1;1;1;1;1;4;4;4;4;4;4;4;4;1;4;4;2;2;2;1;1;4;4;4;4;4;4;4;4;1;1;1;4;4;4;5;5;5;5;5;5;5;5;3;2;4;3;1;4;1;5;5;1;1;5;5;1;3;1;1;1;1;3;4;48;1;1;1;2;2;1;4;3;2;4;4;4;1;1;1;1;1;1;1;1;1;1;1;1;4;4;4;1;1;5;5;5;5;5;5;1;1;1;2;3;3;5;5;1;1;1;1;1;1;1;2;1;1;2;2;2;2;3;1;1;2;4;2;4;2;1000;1;1;1;1;1;1;2;1;1;1;1;1;4;4;4;4;4;4;4;4;4;4;4;4;4;4;4;4;4;4;2;1;2;0;3;6;3;0;0;1;1
97;ROCAFUERTE;3;2;1;4;2;1;1;1;1;1;5;1;1;1;1;1;1;1;4;4;4;2;2;1;1;1;2;1;4;1;1;4;2;4;2;2;2;2;2;1;2;2;1;1;2;2;3;3;3;3;3;5;5;5;1;5;5;1;1;1;1;5;5;5;5;1;5;5;5;5;5;5;5;5;5;5;5;5;3;5;5;5;5;5;3;4;3;2;1;5;2;3;5;1;1;5;5;1;4;1;1;1;1;3;4;50;1;1;1;1;2;1;3;3;1;3;3;3;1;2;2;2;2;2;1;1;2;1;2;2;4;3;3;1;1;5;5;5;5;5;5;1;2;1;1;4;4;5;5;1;1;1;1;2;2;2;2;2;2;2;2;2;3;3;1;1;1;5;1;3;2;1000;2;2;2;2;2;2;2;2;1;2;2;2;5;5;5;5;5;5;5;5;5;5;5;5;4;5;5;5;5;5;2;1;2;0;3;6;6;0;0;1;2
98;PORTOVIEJO;1;1;1;5;1;1;1;1;1;1;1;1;3;1;1;1;2;4;1;4;1;1;1;1;2;1;2;1;1;1;1;4;4;4;1;1;1;2;2;2;1;2;2;1;4;2;4;4;4;4;4;5;5;5;5;5;5;5;5;5;1;5;5;5;5;1;5;5;5;5;5;5;5;5;5;5;5;5;2;2;5;5;5;5;1;2;2;1;1;3;4;1;1;1;1;1;1;1;3;1;1;1;1;3;1;52;1;1;1;1;2;1;2;1;1;2;3;3;1;1;1;1;1;1;1;1;2;2;1;1;3;4;2;1;1;5;5;5;5;5;5;1;1;1;1;2;2;5;5;1;1;1;2;5;5;5;5;5;5;1;2;2;2;1;1;1;1;5;1;5;2;800;1;1;1;1;1;2;3;2;1;1;1;2;5;5;5;5;5;2;2;5;5;5;5;5;1;5;5;5;5;5;1;1;2;0;5;6;5;2;0;1;4
99;ROCAFUERTE;2;2;1;3;3;1;1;1;1;2;5;1;1;1;1;1;1;1;3;3;3;2;2;2;1;2;2;1;1;1;1;1;1;1;1;1;2;2;2;1;1;2;1;2;2;1;5;5;5;5;5;5;5;5;1;1;5;2;2;2;5;5;5;5;5;1;5;5;5;5;1;5;5;5;5;5;5;5;5;5;5;5;5;5;3;2;4;4;1;3;3;5;5;2;1;5;5;1;3;1;1;1;2;4;4;46;2;1;2;1;2;1;3;3;2;3;4;3;1;2;3;2;3;1;1;2;2;2;2;2;3;4;4;2;2;5;5;5;5;5;5;1;1;1;2;4;4;5;5;1;1;1;1;2;1;1;1;1;1;2;2;3;2;3;1;1;4;4;1;5;1;800;2;2;2;2;2;2;2;2;2;2;2;2;5;5;5;5;5;5;5;5;5;5;5;5;4;5;5;5;5;5;1;1;2;0;3;6;3;0;0;1;1
100;SUCRE;1;1;1;4;1;1;1;1;1;2;4;1;4;1;1;1;1;1;4;4;1;1;1;1;1;1;2;1;1;1;1;4;1;4;1;1;1;2;1;1;1;1;1;1;4;1;4;4;4;4;4;4;4;4;1;4;4;2;2;2;1;4;4;4;4;1;4;4;4;4;4;4;4;4;4;4;5;5;5;5;5;5;5;5;2;2;4;4;1;2;1;5;5;1;1;5;5;1;4;1;2;1;1;2;3;48;1;1;1;2;4;1;2;2;2;2;4;4;1;2;1;1;2;1;1;2;2;2;2;1;4;2;4;1;1;5;5;5;5;5;5;1;1;1;2;4;4;5;5;1;1;1;2;2;1;1;2;2;2;2;2;2;2;3;1;1;2;4;1;2;2;800;2;2;2;2;2;2;2;2;2;2;2;2;4;4;4;4;4;4;3;4;4;4;4;4;2;4;4;4;4;4;2;1;2;0;3;6;3;0;0;1;2
101;ROCAFUERTE;3;1;1;1;2;1;1;1;1;2;5;1;3;1;1;1;3;2;3;3;2;2;2;1;1;2;2;1;1;1;1;1;1;1;1;1;2;2;2;1;3;2;1;2;5;1;5;5;5;5;5;5;5;5;1;5;5;2;2;2;1;5;5;5;5;5;5;5;5;5;1;5;5;5;5;1;2;2;5;5;5;5;5;5;2;3;3;1;1;4;1;4;5;1;1;5;2;1;4;1;1;1;2;4;4;44;1;1;1;1;2;1;3;3;2;4;4;4;1;1;1;1;1;1;1;2;3;1;2;1;4;3;4;1;1;5;5;5;5;4;5;1;2;1;2;2;3;5;5;1;1;1;1;2;1;1;2;1;1;2;3;2;2;3;1;1;3;3;1;4;3;1500;1;1;1;1;2;2;2;2;2;2;1;2;5;5;5;5;5;5;3;5;5;5;5;5;2;4;5;5;5;5;1;1;2;0;3;6;3;2;0;1;3
102;PORTOVIEJO;1;1;1;5;4;1;1;1;1;2;4;1;3;1;1;1;4;1;1;4;1;2;2;2;1;2;2;1;1;1;1;1;1;1;1;1;1;2;2;1;2;1;1;1;4;4;1;4;4;1;4;4;4;4;1;4;4;2;2;2;1;4;4;4;4;1;4;4;4;4;4;4;4;4;4;4;5;5;2;5;5;5;5;5;2;4;2;3;1;4;1;3;5;1;1;5;5;1;5;1;1;1;1;2;3;52;1;1;1;2;2;1;4;2;2;2;4;4;1;1;1;1;1;1;1;1;2;1;1;1;4;2;2;1;1;5;5;5;5;5;5;1;2;1;2;3;4;5;5;1;1;1;2;1;1;1;2;1;1;2;3;3;2;3;1;1;1;4;1;2;2;1400;2;2;1;1;2;2;2;2;1;2;1;2;4;4;4;4;4;4;4;4;4;4;4;4;4;4;4;4;4;4;1;1;2;0;3;6;3;1;0;1;3
103;PORTOVIEJO;1;1;1;3;4;2;2;1;1;2;5;1;1;1;1;1;3;1;4;4;1;1;1;1;1;1;2;1;1;1;1;4;4;4;1;1;1;2;3;2;3;2;1;1;2;2;4;4;4;2;4;5;5;5;1;5;5;2;2;2;1;5;5;5;5;5;5;5;5;5;1;5;5;1;5;5;5;5;5;5;5;5;5;5;3;3;4;2;1;4;2;5;5;1;1;5;5;1;4;1;1;1;2;3;4;48;1;1;1;2;3;1;3;4;3;4;4;4;1;3;2;2;3;1;1;2;2;2;1;2;3;3;4;1;1;5;5;5;5;5;5;1;1;1;2;3;4;5;5;1;1;1;1;1;1;1;2;2;1;2;2;2;2;2;1;1;3;4;1;4;2;1100;2;2;2;2;2;2;2;2;2;2;1;2;5;5;5;5;5;5;5;5;5;5;5;5;2;5;5;4;5;5;2;1;2;0;3;6;3;0;0;1;1
104;ROCAFUERTE;2;1;1;3;3;1;1;1;1;1;1;1;1;1;1;1;1;1;4;4;1;1;1;1;1;1;2;1;1;1;1;4;1;4;1;1;3;2;1;1;1;1;1;1;5;1;5;5;5;5;5;5;5;5;1;5;5;2;2;2;1;5;5;5;5;1;5;5;5;5;5;5;5;5;5;5;5;5;5;5;5;5;5;5;3;2;3;4;1;4;4;5;5;1;1;5;5;1;4;1;1;1;1;2;4;48;1;1;1;2;4;1;4;1;2;4;4;4;1;1;1;1;2;1;1;2;2;1;1;1;4;4;4;1;1;5;5;5;5;5;5;1;1;1;2;4;4;5;5;1;1;1;1;1;1;1;1;1;1;2;2;2;2;3;1;1;1;4;1;5;2;1200;2;2;2;2;2;2;2;2;2;2;2;2;5;5;5;5;5;5;5;5;5;5;5;5;5;5;4;5;5;5;1;1;2;0;3;6;4;1;0;1;1
105;SUCRE;2;2;1;3;2;2;1;1;1;1;5;2;2;2;1;1;1;1;4;4;1;2;2;1;1;2;2;1;1;1;1;4;3;4;1;1;2;2;4;3;4;2;1;1;5;1;5;1;5;5;5;5;5;5;1;5;5;2;2;2;1;1;5;5;5;5;5;5;5;5;1;5;5;5;5;5;2;5;5;5;5;5;5;5;3;3;2;2;1;4;3;5;4;1;1;4;4;1;3;3;1;1;1;4;4;48;1;1;1;2;2;1;3;3;3;3;3;3;1;2;3;3;3;1;1;2;3;1;1;2;4;4;4;1;1;5;5;5;5;5;5;1;1;1;1;3;3;5;5;1;1;1;1;1;1;1;2;1;1;2;2;2;2;2;1;1;1;4;1;5;3;1000;2;2;2;2;2;2;2;2;2;2;2;2;5;5;5;5;5;5;5;5;5;5;5;5;5;5;5;5;5;5;1;1;2;0;3;6;3;0;0;1;1
106;SUCRE;1;1;1;3;3;1;1;1;1;1;5;1;3;1;1;1;4;1;4;4;1;1;1;1;1;1;2;1;1;1;1;1;1;1;1;1;2;2;2;1;3;1;1;1;2;5;5;2;5;5;5;5;5;5;1;5;5;2;2;2;1;1;5;5;5;5;5;5;5;5;1;5;5;5;1;1;2;5;5;5;5;5;5;5;3;2;3;2;1;4;3;4;4;1;1;4;5;1;4;1;1;1;1;4;5;48;1;1;1;1;2;1;3;3;2;3;3;3;2;2;1;1;2;1;1;1;1;1;1;1;3;4;4;1;1;5;5;5;5;5;5;1;1;1;1;4;4;5;5;1;1;1;1;1;1;1;1;1;1;2;2;2;3;3;1;1;4;4;1;4;2;1500;2;2;2;2;2;2;2;2;2;2;1;2;5;5;5;5;5;5;5;5;5;5;5;5;3;5;5;5;5;5;1;1;2;0;3;6;3;0;0;1;1
107;ROCAFUERTE;1;2;2;4;2;1;2;1;1;1;4;2;3;1;1;1;3;2;3;3;1;1;1;1;1;1;2;1;1;1;1;1;1;1;1;1;2;2;3;2;2;2;1;1;2;2;4;2;4;4;4;5;5;5;1;5;5;2;2;2;1;5;5;5;5;1;1;5;5;5;5;5;5;5;5;5;5;5;5;5;5;5;5;5;3;2;3;3;1;3;1;5;5;1;1;5;5;1;3;1;1;1;1;3;4;48;1;1;1;1;2;1;3;3;3;4;4;5;1;1;1;1;3;1;1;1;1;1;1;1;3;4;4;1;1;5;5;5;5;5;5;1;1;1;2;4;4;5;5;1;1;1;1;2;1;1;1;1;1;1;2;2;2;2;1;1;5;5;1;3;2;1900;1;1;1;1;2;2;2;2;2;2;1;2;5;5;5;5;5;5;3;5;5;5;5;5;5;5;5;5;5;5;1;1;2;0;3;6;3;1;0;1;1
108;ROCAFUERTE;2;2;1;3;3;1;1;1;1;2;5;1;2;1;1;1;3;3;3;3;1;1;1;1;1;1;2;1;4;1;1;1;1;1;1;1;2;2;2;1;2;2;1;2;1;2;5;5;5;5;5;5;5;5;1;5;5;2;2;2;1;5;5;5;5;5;1;5;5;5;1;5;5;5;5;1;2;2;5;5;5;5;5;5;2;1;2;1;1;4;2;4;4;1;1;2;5;1;3;1;1;1;2;4;4;45;1;1;1;1;2;1;4;2;2;3;3;3;1;3;3;2;2;2;1;3;3;1;1;1;4;3;2;1;1;5;5;5;5;5;5;2;2;1;2;4;4;5;5;1;1;1;1;1;1;1;2;1;1;2;2;2;2;2;1;1;3;4;1;5;3;1100;2;2;2;2;2;2;2;2;2;2;2;2;5;5;5;5;5;5;2;5;5;5;5;5;1;5;5;5;5;5;1;1;2;0;3;6;3;0;0;1;1
109;SUCRE;2;2;1;4;2;1;1;1;1;2;5;1;3;2;1;2;1;2;3;4;1;1;2;1;1;1;2;1;1;1;1;1;1;1;1;1;2;2;1;1;3;1;1;1;4;1;4;4;4;4;4;5;5;5;1;5;5;1;1;1;1;5;5;5;5;5;5;5;5;3;1;4;4;4;4;4;5;5;5;5;5;5;5;5;4;3;4;5;1;3;3;5;5;1;1;5;5;1;3;1;1;1;2;3;2;54;1;2;2;1;3;1;3;3;2;3;3;3;1;2;2;1;2;1;1;2;2;2;2;2;4;4;4;1;1;5;5;5;5;5;5;1;2;1;1;4;5;5;5;1;1;1;1;2;2;1;2;2;2;2;2;2;2;3;1;3;1;4;1;4;2;1000;2;2;1;1;2;2;2;2;2;2;1;2;5;5;5;5;5;5;5;5;5;5;5;5;1;5;5;5;5;5;1;1;2;0;3;6;3;0;0;1;2
110;ROCAFUERTE;1;1;1;4;1;1;1;1;1;1;1;1;1;1;1;1;1;1;2;2;2;1;1;1;1;1;2;2;2;2;2;2;2;2;2;2;1;2;1;1;2;1;1;1;1;1;1;1;1;1;1;4;4;4;1;4;4;1;1;1;1;4;4;4;4;4;4;4;4;1;1;1;1;1;1;1;4;4;2;4;4;4;4;4;2;2;3;3;1;3;2;4;4;4;1;4;2;1;1;1;1;1;1;4;4;48;2;2;2;2;2;2;4;4;4;4;4;4;1;1;1;1;1;1;1;1;1;1;1;1;4;1;4;1;1;5;5;5;5;5;5;4;1;1;2;1;1;4;4;4;1;1;1;1;1;1;1;1;1;1;1;1;1;1;1;1;1;1;1;4;2;1300;2;2;2;2;2;2;2;2;2;2;2;2;4;4;4;4;4;4;4;4;4;4;4;4;4;4;4;4;4;4;2;1;2;0;3;6;1;1;0;1;1
111;SUCRE;1;1;1;4;1;1;1;1;1;1;1;1;1;1;1;1;1;1;1;1;1;1;1;1;1;1;2;2;2;2;2;4;2;2;2;2;1;2;2;1;2;1;1;1;1;1;1;1;1;1;1;4;4;4;2;4;4;1;1;1;1;4;4;4;4;4;4;4;4;1;1;1;1;1;1;1;4;4;2;4;4;4;4;4;2;2;4;4;1;4;4;4;4;4;1;4;2;1;1;1;1;1;1;4;4;52;2;2;2;2;2;1;4;4;4;4;4;4;1;1;1;1;1;1;1;1;1;1;1;1;4;2;4;2;1;5;5;5;5;5;5;4;1;1;2;1;1;4;4;4;1;1;1;1;1;1;1;1;1;1;1;1;1;1;1;1;1;1;1;4;2;1200;1;2;2;2;2;2;2;2;2;2;2;2;4;4;4;4;4;4;4;4;4;4;4;4;4;4;4;4;4;4;1;1;2;0;2;6;3;0;0;1;1
112;SUCRE;1;1;1;4;1;1;1;1;2;2;1;2;2;2;2;2;2;2;1;1;1;1;1;1;1;1;2;2;2;2;2;4;1;1;1;1;1;2;2;2;2;2;2;2;1;1;1;1;1;1;1;4;4;4;1;1;4;2;2;2;1;1;4;4;4;4;4;4;4;1;1;1;1;1;1;1;4;4;4;4;4;4;4;4;4;4;4;4;2;4;4;4;4;4;1;2;4;1;1;1;1;1;1;4;4;54;1;1;1;2;2;1;4;4;4;4;4;4;1;1;1;1;1;1;1;1;1;1;1;1;4;2;2;2;2;5;5;5;5;5;5;2;1;1;1;1;1;4;4;4;1;1;1;1;1;1;1;1;1;1;1;1;1;1;2;1;1;4;1;4;2;1100;2;2;2;2;2;2;2;2;2;2;2;2;4;4;4;4;4;4;4;4;4;4;4;4;4;4;4;4;4;4;2;1;2;0;3;6;3;0;0;1;2
113;ROCAFUERTE;1;1;1;4;1;1;1;1;1;1;1;1;1;1;1;1;1;1;2;2;2;1;1;1;1;1;2;2;2;2;2;2;2;2;2;2;1;2;2;1;2;1;1;1;1;1;1;1;1;1;1;4;4;4;1;4;4;1;1;1;1;4;4;4;4;4;4;4;4;1;1;1;1;1;1;1;2;4;2;4;4;4;4;4;2;2;4;2;1;4;4;4;4;4;1;4;2;1;1;1;1;1;1;4;4;50;2;2;2;2;2;1;4;4;4;4;4;4;1;1;1;1;1;1;1;1;1;1;1;1;4;1;4;1;1;5;5;5;5;5;5;4;1;1;2;1;1;4;4;4;1;1;1;1;1;1;1;1;1;1;1;1;1;1;1;1;1;1;1;4;2;1200;1;2;2;2;2;2;2;2;2;2;2;2;4;4;4;4;4;4;4;4;4;4;4;4;4;4;4;4;4;4;2;1;2;0;3;6;1;0;0;1;1
114;SUCRE;1;1;1;1;1;1;1;1;1;1;1;1;1;1;1;1;1;1;1;1;1;1;1;1;1;1;2;2;2;2;2;2;2;2;2;1;1;2;1;1;1;1;1;1;1;1;1;1;1;1;1;4;4;4;1;4;4;1;1;1;1;4;4;4;4;4;4;4;4;1;1;1;1;1;1;1;4;4;1;4;4;4;4;4;2;2;4;4;1;4;4;4;4;4;1;4;2;1;1;1;1;1;1;4;4;52;2;2;2;2;2;1;4;4;4;4;4;4;1;1;1;1;1;1;1;1;1;1;1;1;4;2;4;2;2;5;5;5;5;5;5;4;1;1;2;1;1;4;4;4;4;1;1;1;1;1;1;1;1;1;1;1;1;1;1;1;1;1;1;4;2;1200;1;2;2;2;2;2;2;2;2;2;2;2;4;4;4;4;4;4;4;4;4;4;4;4;4;4;4;4;4;4;1;1;2;0;3;6;3;0;0;1;1
115;SUCRE;1;1;1;4;1;1;1;1;1;1;1;1;1;1;1;1;1;1;2;2;2;1;1;1;1;1;2;2;2;2;2;2;2;2;2;2;2;2;1;1;1;1;1;1;1;1;1;1;1;1;1;4;4;4;1;4;4;2;2;2;1;4;4;4;4;4;4;4;4;1;1;1;1;1;1;1;2;4;4;4;4;4;4;4;2;2;4;4;1;4;4;4;4;4;1;4;4;1;1;1;1;1;1;4;4;48;1;1;1;1;1;1;4;4;4;4;4;4;1;1;1;1;1;1;1;1;1;1;1;1;4;1;4;1;1;5;5;5;5;5;5;1;1;1;1;1;1;4;4;4;1;1;1;1;1;1;1;1;1;1;1;1;1;1;1;1;1;1;1;4;2;1400;2;2;2;2;2;2;2;2;2;2;2;2;4;4;4;4;4;4;4;4;4;4;4;4;4;4;4;4;4;4;1;1;2;0;3;6;1;1;0;1;1
116;ROCAFUERTE;1;1;1;4;1;1;1;1;1;1;1;1;1;1;1;1;1;1;1;1;1;1;1;1;1;1;2;2;1;1;1;1;1;1;1;1;1;2;1;1;1;1;1;1;1;1;1;1;1;1;1;4;4;4;1;4;4;2;2;2;1;4;4;4;4;4;4;4;4;1;1;1;1;1;1;1;2;4;4;4;4;4;4;4;2;2;4;4;1;4;4;4;4;4;1;4;4;1;1;1;1;1;1;4;4;48;1;1;1;1;1;1;4;4;4;4;4;4;1;1;1;1;1;1;1;1;1;1;1;1;4;1;4;1;1;5;5;5;5;5;5;1;1;1;1;1;1;4;4;4;1;1;1;1;1;1;1;1;1;1;1;1;1;1;1;1;1;1;1;4;2;1300;2;2;2;2;2;2;2;2;2;2;2;2;4;4;4;4;4;4;4;4;4;4;4;4;4;4;4;4;4;4;1;1;2;0;3;6;3;0;0;1;1
117;ROCAFUERTE;3;2;1;4;1;3;1;1;1;2;5;1;1;1;1;1;1;4;4;4;1;1;1;1;1;1;2;1;3;1;1;1;1;3;1;1;2;2;2;1;3;1;1;1;2;3;3;3;3;3;3;5;5;5;1;5;5;2;2;2;5;5;5;5;5;1;5;5;5;5;5;5;5;5;5;5;5;5;5;5;5;5;5;5;3;4;4;4;1;4;2;5;5;2;2;5;5;1;3;1;1;1;2;5;4;48;1;1;1;1;3;1;3;4;3;4;4;4;1;1;1;2;2;2;2;2;1;1;1;3;4;2;2;1;1;5;5;5;5;5;5;1;2;1;3;3;3;5;5;1;1;1;1;2;1;1;1;1;1;2;2;1;3;1;1;1;4;5;1;5;1;1500;2;2;1;1;2;2;2;2;2;2;1;2;5;5;5;5;5;5;5;5;5;5;5;5;3;5;5;5;5;5;1;1;2;0;4;6;4;0;0;1;1
118;ROCAFUERTE;2;2;1;4;3;1;1;1;1;2;4;2;3;1;1;1;1;1;3;3;1;1;2;1;1;1;2;1;4;1;1;1;1;1;1;1;2;2;4;2;4;2;1;1;5;1;5;5;5;5;5;5;5;5;1;1;5;2;2;2;1;5;5;5;5;5;5;5;5;5;1;5;5;5;1;5;5;5;5;5;5;5;5;5;2;2;3;4;1;4;2;5;5;1;1;5;5;1;3;2;1;1;2;3;3;44;1;1;1;1;2;1;3;2;2;3;4;4;1;1;1;1;1;1;1;2;3;1;2;1;3;3;4;1;1;5;5;5;5;5;5;1;1;1;2;4;4;5;5;1;1;2;2;2;1;1;1;1;1;2;2;2;2;3;2;1;3;3;2;3;2;2500;1;1;1;1;2;2;2;2;1;1;1;2;5;5;5;5;5;5;3;5;5;5;5;5;3;5;5;5;5;5;2;1;2;0;3;5;3;2;0;1;4
119;ROCAFUERTE;2;2;2;4;2;1;1;1;1;2;5;2;2;2;1;1;2;1;3;3;1;2;2;2;2;2;2;1;4;1;1;4;4;4;1;1;2;2;1;2;2;1;1;1;2;1;4;4;4;4;4;5;5;5;1;5;5;2;2;2;5;5;5;5;5;1;1;5;5;5;1;5;5;5;5;5;5;4;5;5;5;5;5;5;3;2;3;3;2;4;1;5;5;1;1;5;4;1;3;1;1;1;1;3;3;45;1;1;1;1;1;1;2;4;1;3;3;3;1;2;2;2;2;1;1;2;3;2;1;3;4;4;4;1;1;5;5;5;5;5;5;1;1;1;2;4;4;5;5;1;1;1;1;2;1;1;1;1;1;2;2;2;2;2;1;1;3;4;1;5;2;1100;2;2;2;2;2;2;2;2;2;2;2;2;5;5;5;5;5;5;5;5;5;5;5;5;1;4;5;5;5;5;1;1;2;0;3;6;3;0;0;1;2
120;ROCAFUERTE;1;1;1;4;1;1;1;1;1;1;1;1;2;1;1;1;2;1;2;2;2;1;1;1;1;1;2;1;1;1;1;4;4;1;2;2;1;2;2;1;2;1;1;1;1;2;1;1;1;1;1;4;4;4;2;2;4;2;2;2;1;4;4;4;4;4;4;4;4;4;4;4;1;4;1;1;2;4;4;4;4;4;4;4;2;4;2;2;2;4;4;2;4;4;1;2;4;4;1;1;1;1;1;4;4;48;1;1;1;1;1;1;4;4;4;4;4;4;2;2;2;2;2;2;1;1;1;1;1;1;4;2;4;1;1;4;4;4;4;4;4;4;2;2;2;2;2;4;4;4;1;1;1;1;1;1;1;1;1;1;1;1;1;1;1;1;1;4;1;4;2;800;2;2;2;2;2;2;2;2;2;2;2;2;4;4;4;4;4;4;4;4;4;4;4;4;4;4;4;4;4;4;2;1;2;0;3;6;6;0;0;1;2
121;SUCRE;1;1;1;1;1;1;1;1;1;1;1;1;1;1;1;1;1;1;1;1;1;1;1;1;1;1;2;2;2;2;2;2;2;2;2;1;1;2;1;1;1;1;1;1;1;1;1;1;1;1;1;4;4;4;1;4;4;2;2;2;1;4;4;4;4;4;4;4;4;1;1;1;1;1;1;1;4;4;2;4;4;4;4;4;2;2;4;4;1;4;4;4;4;4;1;4;2;1;1;1;1;1;1;4;4;52;2;2;2;2;2;1;2;4;4;4;4;4;1;1;1;1;1;1;1;1;1;1;1;1;4;1;4;1;1;5;5;5;5;5;5;2;2;2;2;2;2;4;4;4;1;1;1;1;1;1;1;1;1;1;1;1;1;1;1;1;1;1;1;4;2;1300;2;2;2;2;2;2;2;2;2;2;2;2;4;4;4;4;4;4;4;4;4;4;4;4;4;4;4;4;4;4;1;1;2;0;2;6;3;0;0;1;2
122;ROCAFUERTE;1;1;1;4;1;1;1;1;1;1;1;1;2;1;1;1;1;1;1;1;1;1;1;1;1;1;2;1;1;1;1;4;2;1;1;1;1;2;1;2;1;1;1;1;2;2;2;2;2;2;2;4;4;4;1;4;4;1;1;1;1;4;4;4;4;4;4;4;4;4;4;4;1;4;1;1;2;4;4;4;4;4;4;4;1;4;4;1;1;4;4;4;2;4;1;2;1;1;1;1;1;1;1;2;4;90;2;4;2;4;2;2;4;4;4;4;4;4;1;2;2;2;2;2;1;1;1;1;1;1;4;2;2;1;1;5;5;5;5;5;5;4;2;2;2;2;2;4;4;4;1;1;1;1;1;1;1;1;1;1;1;1;1;1;1;1;1;4;1;4;2;1200;1;2;2;1;2;2;2;2;2;2;2;2;4;4;4;4;4;2;4;4;4;4;4;4;4;4;4;4;4;4;1;1;2;0;3;6;3;1;0;1;2
123;ROCAFUERTE;1;1;1;5;1;2;1;1;1;1;4;1;3;1;1;2;3;2;3;3;2;1;1;1;2;1;2;1;1;1;1;4;1;4;1;1;1;2;2;1;4;1;1;1;1;1;4;4;4;4;4;4;4;4;1;4;4;2;2;2;1;1;5;5;5;5;5;5;5;4;1;3;2;4;1;1;2;2;2;5;5;5;5;5;1;1;2;1;1;4;4;3;4;1;1;2;2;1;4;1;1;1;1;3;4;52;2;2;2;2;3;1;3;2;2;3;3;3;1;1;1;1;1;1;1;2;2;1;2;1;4;3;4;1;1;5;5;5;5;5;5;1;1;1;1;3;3;5;5;1;1;1;1;1;1;1;1;1;1;2;2;2;2;2;2;1;2;4;1;4;1;1100;2;2;1;1;2;2;2;2;1;2;2;2;5;5;5;5;5;5;4;5;4;5;5;5;1;4;5;5;5;5;1;1;2;0;2;6;1;0;0;1;1
124;ROCAFUERTE;1;1;1;4;1;3;1;1;1;2;1;1;1;1;1;1;2;1;2;2;1;1;1;2;2;2;2;1;1;1;1;4;1;4;1;1;1;2;2;1;2;1;1;1;1;1;5;5;5;1;5;5;5;5;1;5;5;2;2;2;1;5;5;5;5;1;5;1;5;5;5;5;5;5;5;5;2;5;5;5;5;5;5;5;3;2;2;2;1;3;3;2;4;1;1;5;3;1;4;1;1;1;2;2;3;48;1;1;1;1;4;1;3;2;1;3;3;3;1;1;1;1;1;1;1;2;3;1;2;1;3;4;4;1;1;5;5;5;5;5;5;1;2;1;1;4;3;5;5;1;1;1;2;1;1;1;2;1;1;2;2;1;2;1;1;1;4;5;1;5;2;1200;2;2;2;1;1;2;2;2;1;2;1;2;5;5;5;5;5;5;5;5;5;5;5;5;2;4;5;5;5;5;1;1;2;0;3;6;3;0;0;1;1
125;ROCAFUERTE;1;1;1;5;1;2;1;1;1;2;4;1;5;1;1;1;1;1;3;3;1;2;2;1;1;2;2;1;4;1;1;4;1;4;1;1;1;2;2;1;3;1;1;1;4;4;4;4;4;4;4;5;5;5;1;5;5;2;2;2;1;1;5;5;5;1;5;5;5;5;5;5;5;5;5;5;1;1;5;5;5;5;5;5;1;1;1;1;1;4;4;3;3;2;1;3;3;1;4;1;1;1;2;4;4;50;2;2;2;2;3;1;3;3;2;3;3;3;1;1;2;1;2;1;1;3;3;1;1;1;5;4;4;1;1;5;5;5;5;5;5;1;1;1;1;2;3;5;5;1;1;1;3;1;1;1;2;2;1;2;2;2;3;1;1;1;4;1;1;5;2;1000;2;2;1;1;2;2;2;2;2;2;1;2;5;5;5;5;5;5;5;5;5;5;5;5;3;4;4;5;5;5;1;1;2;0;2;6;3;2;0;1;1
126;ROCAFUERTE;2;1;1;5;1;3;1;1;1;1;1;2;3;1;1;1;4;1;4;4;1;1;1;1;1;1;2;1;5;1;1;1;1;1;1;1;2;2;1;1;3;1;1;1;1;1;5;5;5;5;5;5;5;5;1;1;5;2;2;2;1;1;5;5;5;5;5;5;5;4;1;1;1;4;1;1;5;5;5;5;5;5;5;5;3;3;3;3;1;4;2;5;5;1;1;5;5;1;4;1;1;1;2;3;4;48;1;1;1;1;2;1;3;2;1;3;3;3;1;1;1;1;1;1;1;3;3;1;1;1;5;4;3;1;1;5;5;5;5;5;5;1;1;1;1;4;4;5;5;1;1;1;1;1;1;1;2;2;1;2;2;2;2;1;1;1;3;1;1;5;1;1100;2;2;2;2;2;2;2;2;2;2;2;2;5;5;5;5;5;5;4;5;5;5;5;5;1;4;5;4;5;5;1;1;2;0;3;6;3;0;0;1;1
127;ROCAFUERTE;1;2;1;5;1;1;1;1;1;1;1;1;1;1;1;1;1;1;4;4;1;2;2;1;1;2;2;1;1;1;1;1;1;1;1;1;2;2;2;1;3;1;1;1;1;1;5;5;5;5;5;5;5;5;1;1;5;2;2;2;1;5;5;5;5;1;5;5;5;5;5;5;5;5;5;5;5;5;5;5;5;5;5;5;3;3;3;3;1;4;3;5;5;1;1;5;5;1;5;1;1;1;2;3;4;48;1;1;1;1;1;2;3;3;2;3;3;4;1;1;1;1;1;1;1;2;2;1;2;2;4;4;4;1;1;5;5;5;5;5;5;1;1;1;1;4;4;5;5;1;1;1;1;2;1;1;3;1;1;1;2;2;2;1;1;1;4;4;1;3;2;800;2;2;1;1;2;2;2;2;1;2;2;2;5;5;5;5;5;5;5;5;5;5;5;5;1;4;5;5;5;5;1;1;2;0;2;6;6;0;0;1;2
128;ROCAFUERTE;2;1;1;5;1;3;2;1;1;1;1;1;3;1;1;1;2;2;3;3;2;2;3;1;1;2;2;1;4;1;1;4;1;4;1;1;1;2;2;1;3;1;1;1;2;2;5;5;5;5;5;5;5;5;1;5;5;1;1;1;1;1;5;5;5;1;5;5;5;5;5;5;5;5;5;5;2;2;5;5;5;5;5;5;2;1;2;2;1;3;4;3;3;1;1;4;1;1;4;1;1;1;1;3;3;53;2;2;2;2;2;1;3;3;2;3;4;4;1;1;1;1;1;1;1;2;3;1;1;1;5;3;4;1;1;5;5;5;5;5;5;1;1;1;1;2;2;5;5;1;1;1;1;1;1;1;3;1;1;2;2;2;2;1;1;1;5;5;1;3;2;1500;2;1;1;2;2;2;2;2;2;2;1;2;5;5;5;5;5;5;5;5;5;5;5;5;1;5;5;5;5;5;1;1;2;0;3;6;3;4;0;1;1
129;ROCAFUERTE;1;1;1;5;3;3;1;1;1;2;1;1;4;1;1;1;2;4;4;4;2;1;2;1;1;1;2;1;4;1;1;4;1;4;1;1;1;2;4;1;3;1;1;1;2;2;5;5;5;5;5;5;5;5;1;5;5;2;2;2;1;5;5;5;5;1;5;5;5;5;5;5;5;5;5;5;5;5;5;5;5;5;5;5;3;3;3;4;1;3;4;5;5;1;1;5;5;1;4;1;1;1;2;3;3;56;1;2;2;1;3;1;3;2;2;3;4;4;1;1;1;1;1;1;1;2;3;1;1;1;5;4;4;1;1;5;5;5;5;5;5;1;1;1;1;4;4;5;5;1;1;1;1;1;1;1;2;1;1;1;2;2;2;1;1;1;4;4;1;5;2;900;2;2;2;1;2;2;2;2;1;2;2;2;5;5;5;5;5;5;5;5;5;5;5;5;1;4;5;5;5;5;1;1;2;0;3;6;3;0;0;1;2
130;SUCRE;2;2;1;4;2;2;1;1;1;1;1;1;4;1;1;1;2;1;4;4;1;1;1;1;1;1;2;1;4;1;1;1;1;1;1;1;1;2;3;1;2;1;1;1;2;2;3;5;5;5;5;5;5;5;1;5;5;2;2;2;1;1;5;5;5;1;5;5;5;5;5;5;5;5;5;5;5;5;5;5;5;5;5;5;3;3;3;4;1;3;5;5;5;1;1;5;5;1;4;1;1;1;1;3;4;53;1;1;1;1;3;1;3;3;2;3;4;4;1;1;1;1;1;1;1;1;1;1;1;1;5;2;4;1;1;5;5;5;5;5;5;1;1;1;1;4;4;5;5;1;1;1;1;1;1;1;2;1;1;2;2;2;3;1;1;1;1;4;1;4;2;1100;2;2;1;1;2;2;2;2;1;2;2;2;5;5;5;5;5;5;5;5;5;5;5;5;1;5;5;5;5;5;2;1;2;0;3;5;3;0;0;1;2
131;SUCRE;2;1;1;4;1;2;1;1;1;1;4;1;4;1;1;1;3;1;4;4;1;1;1;1;1;1;2;1;4;1;1;1;4;1;1;1;1;2;1;1;1;1;1;1;5;1;5;5;5;5;5;5;5;5;1;5;5;1;1;1;1;1;5;5;5;5;5;5;5;4;1;1;1;4;1;4;2;2;2;5;5;5;5;5;2;5;2;1;1;3;5;5;5;1;1;5;1;1;3;1;1;1;1;3;4;48;1;1;1;1;2;1;3;3;1;4;4;4;1;1;1;1;1;1;1;2;3;1;1;1;5;3;4;1;1;5;5;5;5;5;5;1;1;1;1;4;4;5;5;1;1;1;1;1;1;1;2;2;1;1;2;2;2;2;1;1;3;4;1;4;1;800;2;2;1;1;2;2;2;2;2;2;1;2;5;5;5;5;5;5;5;5;5;5;5;5;1;4;5;5;5;5;1;1;2;0;3;6;3;0;0;1;1
132;ROCAFUERTE;2;1;1;5;1;2;1;1;1;1;1;1;1;1;1;1;1;2;4;4;1;1;1;1;1;1;2;1;4;1;1;1;1;1;1;1;1;2;2;1;3;1;1;1;2;2;5;5;5;5;5;5;5;5;1;5;5;2;2;2;1;1;5;5;5;1;5;5;5;5;5;5;5;5;5;5;1;1;3;5;5;5;5;5;2;1;2;2;1;3;5;4;3;1;1;5;2;1;4;1;1;1;1;3;4;50;2;2;2;1;3;1;3;3;2;3;4;4;1;1;1;1;1;1;1;1;1;1;2;1;4;3;4;1;1;5;5;5;5;5;5;1;1;1;1;1;3;5;5;1;1;1;1;1;1;1;2;1;1;2;2;2;3;1;1;1;2;4;1;4;2;1000;2;2;2;2;2;2;2;2;2;2;2;2;5;5;5;5;5;5;5;5;5;5;5;5;1;5;5;5;5;5;1;1;2;0;3;6;3;0;0;1;1
133;ROCAFUERTE;1;1;1;4;2;2;1;1;1;1;4;2;2;2;1;1;2;2;4;4;2;1;1;1;1;1;2;2;1;1;1;1;1;1;1;1;2;2;3;1;4;1;1;1;2;2;5;5;5;5;5;5;5;5;1;5;5;2;2;2;1;5;5;5;5;1;5;1;5;5;5;5;5;5;5;5;5;5;5;5;5;5;5;5;3;2;3;3;1;4;5;5;5;1;1;5;5;1;3;1;1;1;1;3;4;48;1;1;1;1;3;1;3;3;2;4;4;4;1;1;1;1;1;1;1;2;2;1;2;2;4;4;4;1;1;5;5;5;5;5;5;1;1;1;1;4;4;5;5;1;1;1;1;1;1;1;2;2;1;2;2;2;2;3;1;1;1;4;1;4;2;1200;2;2;2;2;2;2;2;2;2;2;1;2;5;5;5;5;5;5;5;5;5;5;5;5;1;5;5;5;5;5;1;1;2;0;4;6;1;0;0;1;1
134;ROCAFUERTE;2;2;1;4;1;2;1;1;1;2;4;1;3;1;1;1;4;1;4;4;1;2;1;1;1;2;2;2;4;1;1;4;2;4;1;1;1;2;2;1;3;1;1;1;2;2;5;5;5;5;5;5;5;5;1;5;2;2;2;2;1;5;5;5;5;5;5;1;5;5;1;5;5;5;5;5;5;5;5;5;5;5;5;5;3;2;3;2;1;4;5;5;5;1;1;5;2;1;3;1;1;1;2;3;4;53;1;2;2;1;2;1;3;3;2;3;4;4;1;1;1;1;1;1;1;2;2;1;2;2;5;4;4;1;1;5;5;5;5;5;5;1;1;1;1;2;3;5;5;2;1;1;1;1;1;1;2;2;1;2;2;2;2;2;1;1;3;4;1;4;3;1000;2;2;1;1;2;2;2;2;1;2;1;2;5;5;5;5;5;5;5;5;5;5;5;5;2;5;5;5;5;5;1;1;2;0;3;6;3;0;0;1;2
135;ROCAFUERTE;1;1;1;4;2;2;1;1;1;2;4;1;1;1;1;1;1;1;4;4;1;1;1;1;1;1;2;1;1;1;1;1;1;1;1;1;2;2;4;2;4;2;1;1;1;4;4;1;4;4;4;4;4;4;1;4;4;2;2;2;1;4;4;4;4;4;4;4;4;4;1;4;4;1;4;4;5;5;5;5;5;5;5;5;4;5;4;5;1;4;1;5;5;1;1;5;1;1;2;1;1;1;1;2;4;48;1;1;1;2;2;1;4;4;2;4;4;4;1;2;1;1;2;2;1;1;1;1;1;1;4;2;2;1;1;5;5;5;5;5;5;1;1;1;2;2;2;5;5;1;1;1;1;2;1;1;1;1;1;2;2;2;2;3;1;1;4;4;1;4;2;1000;2;2;2;2;2;2;2;2;2;2;2;2;4;4;4;4;4;4;4;4;4;4;4;4;4;4;4;4;4;4;2;1;2;0;4;6;4;0;0;1;1
136;ROCAFUERTE;1;1;1;4;4;2;1;1;1;2;4;2;2;2;2;2;4;1;4;4;1;2;2;1;1;1;2;1;4;1;1;4;4;4;1;1;2;2;2;2;2;2;1;1;1;1;4;4;4;1;4;4;4;4;1;4;4;2;2;2;4;4;4;4;4;1;4;4;4;4;1;4;4;4;4;4;5;5;5;5;5;5;5;5;3;1;3;4;1;2;2;5;5;1;1;5;5;1;4;1;1;1;1;4;4;48;1;1;1;1;4;1;2;4;2;4;4;4;1;1;1;1;2;1;1;2;2;2;2;1;4;4;4;1;1;5;5;5;5;5;5;1;1;1;2;4;4;5;5;1;1;1;1;2;2;1;2;2;1;2;2;2;2;2;1;1;4;4;4;4;2;1000;2;2;1;1;2;2;2;2;2;2;2;2;4;4;4;4;4;4;4;4;4;4;4;4;4;4;4;4;4;4;1;1;2;0;3;6;1;0;0;1;1
137;SUCRE;1;1;1;4;1;1;1;1;1;1;4;1;4;1;1;1;4;1;4;4;1;2;2;1;1;2;2;1;1;1;1;1;1;1;1;1;2;2;1;1;1;1;1;1;4;1;4;1;4;4;4;4;4;4;1;4;4;1;1;1;1;4;4;4;4;1;1;4;4;4;4;4;4;4;4;4;5;5;5;5;5;5;5;5;2;1;4;5;1;2;1;3;4;1;1;5;5;1;4;1;1;1;1;2;4;48;1;1;1;2;4;1;2;3;3;4;4;4;1;1;1;1;1;1;1;1;1;1;1;1;4;2;4;1;1;5;5;5;5;5;5;1;1;1;2;4;4;5;5;1;1;1;1;1;1;1;2;2;2;2;2;2;3;3;1;1;1;4;2;4;2;1000;2;2;2;2;2;2;2;2;2;2;1;2;4;4;4;4;4;4;4;4;4;4;4;4;4;4;4;4;4;4;1;1;2;0;3;6;3;0;0;1;2
138;ROCAFUERTE;1;1;1;4;1;1;1;1;1;1;4;1;2;2;1;1;4;1;4;4;1;2;2;1;1;2;2;1;4;1;1;2;1;2;1;1;2;2;2;1;2;2;2;1;1;1;4;4;4;4;4;4;4;4;1;4;4;2;2;2;1;1;4;4;4;1;4;4;4;4;4;4;4;4;4;4;5;5;5;5;5;5;5;5;2;2;3;3;1;4;2;4;4;1;1;5;5;1;3;1;1;1;1;2;3;50;1;1;1;2;4;1;2;2;2;3;4;4;1;1;1;1;1;1;1;1;1;1;1;1;4;4;4;1;1;5;5;5;5;5;5;1;1;1;2;2;4;5;5;1;1;1;1;1;1;1;2;1;1;2;2;2;2;3;1;1;1;4;1;4;2;1000;2;2;1;1;2;2;2;2;1;2;1;2;4;4;4;4;4;4;4;4;4;4;4;4;4;4;4;4;4;4;1;1;2;0;2;6;1;0;0;1;1
139;SUCRE;1;1;1;4;1;4;1;1;1;2;4;1;1;1;1;1;1;1;4;4;1;1;1;1;1;1;2;1;1;1;1;1;1;1;1;1;1;2;4;1;4;1;1;1;1;4;4;1;4;4;4;4;4;4;1;1;4;2;2;2;1;1;4;4;4;4;4;4;4;4;1;1;4;4;4;4;5;5;5;5;5;5;5;5;3;5;4;4;1;4;1;3;4;1;1;5;2;1;2;1;1;1;1;2;3;48;1;1;1;2;2;1;4;1;1;1;4;4;1;1;1;1;1;1;1;2;2;1;1;1;4;2;2;4;1;5;5;5;5;5;5;1;1;1;2;2;2;5;5;1;1;1;2;1;1;1;2;1;1;2;2;2;2;3;1;1;2;4;1;4;2;1500;2;2;1;1;2;1;2;2;2;2;2;2;4;4;4;4;4;4;4;4;4;4;4;4;4;4;4;4;4;4;2;1;2;0;4;6;3;0;0;1;1
140;ROCAFUERTE;1;1;1;4;2;1;1;1;1;2;2;1;2;2;1;1;1;1;4;4;1;1;1;1;1;1;2;1;1;1;1;2;1;2;1;1;2;2;1;1;1;2;1;1;4;1;4;1;4;4;4;4;4;4;1;4;4;2;2;2;4;4;4;4;4;1;1;4;4;4;4;4;4;4;4;4;2;2;5;5;5;5;5;5;2;1;3;4;1;4;1;5;5;1;1;5;5;1;4;1;1;1;1;4;3;52;1;1;1;2;2;1;4;3;2;3;4;4;1;2;1;1;2;1;1;1;1;1;1;1;4;2;4;1;1;5;5;5;5;5;5;1;1;1;2;2;3;5;5;1;1;1;1;1;1;1;2;1;1;2;2;2;3;3;1;1;1;4;1;2;2;1200;2;2;1;1;2;2;2;2;2;2;1;2;4;4;4;4;4;4;4;4;4;4;4;4;4;4;4;4;4;4;1;1;2;0;3;6;3;0;0;1;1
141;ROCAFUERTE;1;1;1;4;2;1;1;1;1;4;4;1;2;1;1;2;4;4;1;4;1;1;1;1;1;1;2;1;1;1;1;2;2;2;1;1;2;2;2;2;2;2;1;1;4;1;1;1;4;1;4;4;4;4;1;4;4;2;2;2;1;4;4;4;4;1;4;4;4;4;4;4;4;4;4;4;2;2;5;5;5;5;5;5;2;4;3;1;1;3;1;3;3;1;1;5;5;1;4;1;1;1;1;2;3;52;2;2;2;2;4;1;2;2;2;3;4;4;1;1;1;1;1;2;1;1;1;1;1;1;4;2;3;1;1;5;5;5;5;5;5;1;1;1;2;2;2;5;5;1;1;1;1;1;1;1;1;1;1;2;2;3;3;3;1;1;1;4;1;2;2;1500;2;2;1;1;2;2;2;2;2;2;1;2;4;4;4;4;4;4;4;4;4;4;4;4;4;4;4;4;4;4;2;1;2;0;3;6;4;2;0;1;1
142;ROCAFUERTE;1;1;1;4;1;1;1;1;1;2;4;2;4;1;1;2;4;1;4;4;1;2;2;1;1;1;2;1;1;1;1;4;1;4;1;1;2;2;4;2;4;2;1;2;1;4;4;1;4;4;4;4;4;4;1;4;4;2;2;2;1;1;4;4;4;4;1;4;4;4;1;4;4;4;4;4;2;2;5;5;5;5;5;5;2;4;5;1;1;4;3;3;3;1;1;4;1;1;4;2;1;1;1;2;3;48;1;1;1;2;4;1;2;2;2;3;4;4;1;1;2;2;2;1;1;2;2;1;1;1;4;2;4;1;1;5;5;5;5;5;5;1;1;1;1;2;3;5;5;1;1;1;1;1;1;1;2;1;1;2;2;2;2;2;1;1;2;4;2;2;2;1000;2;2;2;2;2;2;2;2;2;2;2;2;4;4;4;4;4;4;4;4;4;4;4;4;4;4;4;4;4;4;1;1;2;0;3;6;3;0;0;1;1
143;ROCAFUERTE;1;1;1;1;1;1;1;1;1;2;4;1;1;1;1;1;4;1;4;4;1;2;2;2;2;2;2;1;1;1;1;1;1;1;1;1;2;2;2;2;2;2;1;1;1;1;4;1;4;4;4;4;4;4;1;4;4;2;2;2;1;1;4;4;4;4;4;4;4;4;1;1;4;4;4;4;5;5;5;5;5;4;5;5;3;2;3;4;1;4;2;5;5;1;1;5;5;1;3;1;1;1;1;2;4;48;1;1;1;1;2;1;4;3;2;2;4;4;1;1;1;1;1;1;1;1;1;1;1;1;4;4;4;1;1;5;5;5;5;5;5;1;1;1;1;2;4;5;5;1;1;1;1;2;2;1;1;1;1;2;2;2;2;2;1;1;2;4;1;4;2;1100;2;2;2;2;2;2;2;2;2;2;2;2;4;4;4;4;4;4;4;4;4;4;4;4;4;4;4;4;4;4;1;1;2;0;3;6;3;0;0;1;1
144;SUCRE;1;1;1;4;1;2;1;1;1;2;4;1;4;1;1;1;3;1;4;4;1;2;2;2;1;2;2;1;1;1;1;1;1;1;1;1;2;2;4;2;3;1;1;1;1;1;4;4;4;4;4;4;4;4;1;4;4;2;2;2;1;1;4;4;4;4;4;4;4;4;1;4;4;4;4;4;2;2;5;5;5;5;5;5;3;3;4;3;1;3;4;4;4;1;1;5;5;1;4;1;1;1;2;2;4;48;1;1;1;2;4;1;2;1;2;2;4;4;1;1;1;1;1;1;1;2;2;2;2;1;4;2;1;1;1;5;5;5;5;5;5;1;1;1;2;2;4;5;5;1;1;1;1;2;1;1;1;2;1;2;2;2;3;3;1;1;2;4;1;4;2;1000;2;2;2;2;2;2;2;2;2;2;2;2;4;4;4;4;4;4;4;4;4;4;4;4;4;4;4;4;4;4;1;1;2;0;3;6;3;1;0;1;2
145;SUCRE;1;1;1;4;2;2;1;1;1;2;4;2;2;2;2;2;4;1;4;4;1;2;2;2;2;2;2;1;1;1;1;4;4;4;1;1;2;2;2;1;2;1;1;1;1;1;4;4;4;4;4;4;4;4;4;1;4;2;2;2;1;4;4;4;4;1;4;4;4;4;4;4;4;4;4;4;5;5;5;5;5;5;5;5;2;2;2;2;1;4;2;4;4;1;1;5;5;1;2;1;1;1;1;4;2;50;1;1;1;1;4;1;2;4;2;2;4;4;1;1;1;1;2;1;1;1;1;1;1;1;4;4;4;1;1;5;5;5;5;5;5;1;1;1;2;4;4;5;5;1;1;1;1;1;1;1;2;2;1;2;2;2;3;3;1;1;4;4;1;4;2;1200;1;1;1;1;1;1;2;1;1;1;1;1;4;4;4;4;4;4;4;4;4;4;4;4;3;4;4;4;4;4;1;1;2;0;2;6;3;0;0;1;1
146;ROCAFUERTE;1;1;1;4;1;1;1;1;1;2;4;1;1;1;1;1;1;2;4;4;1;2;2;1;1;1;2;1;4;1;1;4;1;4;1;1;2;2;4;1;4;1;1;1;1;1;4;1;4;4;4;4;4;4;1;4;4;2;2;2;1;4;4;4;4;1;4;4;4;4;4;4;4;4;4;4;5;5;5;5;5;5;5;5;4;5;3;5;1;4;1;5;5;1;1;5;5;1;2;1;1;1;1;4;4;48;1;1;1;2;2;1;4;4;2;2;4;4;1;2;2;2;2;1;1;2;2;2;2;1;4;2;2;1;1;5;5;5;5;5;5;1;1;1;2;4;2;5;5;1;1;1;1;2;1;1;2;2;1;2;2;2;2;3;1;1;2;4;1;4;2;1200;1;1;1;1;1;1;1;1;1;1;1;1;4;4;4;4;4;4;4;4;4;4;4;4;4;4;4;4;4;4;1;1;2;0;4;6;3;0;0;1;1
147;ROCAFUERTE;1;1;1;4;4;2;1;1;1;1;4;1;1;1;1;1;1;4;4;4;1;2;2;1;1;1;2;1;4;1;1;2;4;2;1;1;2;2;4;4;4;2;1;1;4;1;4;4;4;4;4;4;4;4;1;4;4;2;2;2;1;4;4;4;4;1;4;4;4;4;4;4;4;4;4;4;2;2;4;5;5;5;5;5;1;4;4;1;1;4;4;3;3;1;1;2;2;1;4;1;1;1;1;4;4;50;1;1;1;1;2;1;4;4;1;4;4;4;1;1;1;1;1;1;1;1;1;1;1;1;4;4;2;1;1;5;5;5;5;5;5;1;2;1;2;2;4;5;5;1;1;1;2;2;1;1;2;2;1;2;2;2;2;2;1;1;2;4;1;4;2;1100;2;2;1;1;2;2;2;2;2;2;1;2;4;4;4;4;4;4;4;4;4;4;4;4;4;4;4;4;4;4;2;1;2;0;3;6;3;1;0;1;2
148;ROCAFUERTE;2;2;1;4;2;2;1;1;1;1;4;1;4;1;1;1;1;1;4;4;1;2;2;2;2;2;2;1;4;1;1;1;1;1;1;1;2;2;2;1;2;1;1;1;4;1;4;4;4;4;4;4;4;4;1;4;4;2;2;2;1;1;4;4;4;4;4;4;4;4;1;4;1;4;4;4;5;5;2;5;5;5;5;5;2;4;2;4;1;4;1;4;4;1;1;5;3;1;2;1;1;1;2;4;4;48;1;1;1;1;2;1;4;4;2;4;4;4;1;1;1;1;1;1;1;1;1;1;1;1;4;4;4;1;1;5;5;5;5;5;5;1;1;1;2;4;4;5;5;1;1;1;1;1;1;1;1;1;1;2;2;2;2;2;1;1;4;4;1;4;2;800;2;2;2;2;2;2;2;2;2;2;1;2;4;4;4;4;4;4;4;4;4;4;4;4;4;4;4;4;4;4;2;1;2;0;2;6;6;0;0;1;2
149;SUCRE;1;1;1;4;4;1;1;1;1;2;4;1;1;1;1;1;1;1;4;4;1;1;1;1;1;1;2;1;1;1;1;1;1;1;1;1;2;2;2;2;2;2;1;1;2;2;4;4;4;4;4;4;4;4;1;4;4;2;2;2;1;4;4;4;4;1;4;4;4;4;4;4;4;4;4;4;2;2;5;5;5;5;5;5;2;2;2;2;1;4;2;4;4;1;1;5;2;1;2;1;1;1;1;4;4;50;1;1;1;1;2;1;4;4;2;4;4;4;1;2;1;1;2;1;1;2;2;1;2;1;4;2;4;1;1;5;5;5;5;5;5;1;1;1;2;2;4;5;5;1;1;1;1;1;1;1;2;1;1;2;2;2;2;2;1;1;2;4;1;4;2;800;2;2;2;2;2;2;2;2;2;2;2;2;4;4;4;4;4;4;4;4;4;4;4;4;3;4;4;4;4;4;1;1;2;0;3;6;3;0;0;1;1
150;ROCAFUERTE;2;1;1;3;3;1;1;1;1;1;2;1;4;2;1;1;2;2;3;4;2;2;2;2;1;2;2;1;4;1;1;1;4;1;1;1;2;2;3;1;4;2;1;1;4;2;4;1;4;4;4;5;5;5;5;1;5;2;2;2;5;5;5;5;5;1;5;5;5;5;1;5;5;5;5;1;2;3;5;5;5;5;5;5;3;3;3;4;2;4;1;4;4;1;1;5;2;1;3;1;1;1;1;3;4;52;1;2;2;2;3;1;3;4;3;3;3;3;1;3;2;2;3;2;1;2;2;1;1;1;4;3;3;1;1;5;5;5;5;5;5;1;1;1;2;3;3;5;5;2;1;1;1;2;1;1;2;1;1;1;1;2;2;1;1;1;3;3;1;3;2;1000;2;2;2;2;2;2;2;2;2;2;2;2;5;5;5;5;5;5;5;5;4;5;5;5;5;5;5;5;5;5;1;1;2;0;3;6;3;0;0;1;1
151;ROCAFUERTE;2;2;2;5;3;1;1;1;1;2;5;1;2;2;1;1;2;2;2;2;2;3;3;2;1;2;2;1;4;1;1;1;1;1;1;1;2;2;2;2;3;1;1;1;5;1;5;5;5;1;5;5;5;5;1;5;5;1;1;1;1;5;5;5;5;1;5;5;5;5;5;5;5;5;5;5;5;5;5;5;5;5;5;5;3;3;3;3;1;3;1;5;5;1;1;5;5;1;4;1;1;1;1;3;4;48;1;1;1;1;3;1;3;4;2;3;3;3;1;1;2;2;2;1;1;1;1;1;2;1;4;3;4;1;1;5;5;5;5;5;5;1;1;1;2;4;4;5;5;1;1;1;1;2;2;1;2;2;1;2;2;1;2;2;1;1;3;5;1;3;1;1300;2;2;1;1;2;2;2;2;2;2;1;2;5;5;5;5;5;5;5;5;5;5;5;5;5;5;5;5;5;5;2;1;2;0;4;6;4;0;0;1;2
152;SUCRE;2;1;1;5;3;1;1;1;1;2;5;2;2;1;1;1;3;3;2;3;1;1;1;1;1;1;2;1;4;1;1;1;1;1;1;1;2;2;3;2;2;3;1;1;3;3;2;3;3;3;4;5;5;5;1;5;5;1;1;1;1;5;5;5;5;5;1;5;5;4;1;4;4;4;1;4;2;2;4;4;4;4;4;5;2;1;3;2;1;4;4;4;4;2;2;3;3;1;4;2;2;1;1;3;4;52;2;2;2;2;3;1;2;3;3;4;4;4;1;3;3;3;2;1;1;2;2;1;1;1;4;4;4;1;1;5;5;5;5;5;5;1;1;1;2;3;3;5;5;1;1;1;1;2;1;1;1;1;1;2;1;2;2;1;1;1;3;3;1;5;2;1000;2;2;2;2;2;2;2;2;2;2;2;2;4;5;5;5;5;5;5;5;5;5;5;5;1;5;5;5;5;5;1;1;2;0;2;6;1;0;0;1;1
153;SUCRE;1;2;3;1;3;1;3;1;1;1;5;1;1;1;1;1;2;2;4;4;2;2;2;1;1;1;2;1;4;1;1;4;4;4;1;1;3;2;2;1;3;1;1;1;1;5;5;5;5;5;5;5;5;5;1;5;5;2;2;2;1;5;5;5;5;5;5;5;5;5;1;1;5;5;5;5;5;5;5;5;5;5;5;5;5;5;5;5;3;4;5;5;5;5;2;5;5;1;2;1;2;2;1;4;5;48;2;2;2;2;1;1;5;4;3;4;4;4;1;1;2;2;2;2;1;3;3;1;3;1;5;4;4;1;1;5;5;5;5;5;5;2;2;1;2;4;4;5;5;2;1;1;1;2;2;1;2;1;1;2;2;2;1;2;1;1;1;5;1;5;2;800;2;2;2;2;2;2;2;2;2;2;2;2;5;5;5;5;5;5;5;5;5;5;5;5;5;5;5;5;5;5;2;1;2;0;2;5;3;0;0;1;1
154;ROCAFUERTE;2;2;2;4;2;1;1;1;1;1;4;2;2;1;1;1;2;1;3;3;1;1;1;1;1;1;2;1;1;1;1;1;1;1;1;1;2;2;3;3;3;3;1;1;2;2;5;5;5;5;5;5;5;5;1;5;5;2;2;2;5;5;5;5;5;1;5;5;5;5;1;5;5;5;1;5;5;5;5;5;5;5;5;5;3;3;3;3;1;3;2;5;4;1;1;5;5;1;3;1;1;1;2;4;3;48;1;1;1;1;2;1;3;4;2;4;4;4;2;2;2;2;2;2;1;2;2;2;2;1;5;2;2;1;1;5;5;5;5;5;5;1;2;1;1;4;4;5;5;1;1;1;1;2;1;1;2;1;1;2;2;2;1;2;1;1;3;4;1;5;2;1000;1;1;1;1;1;1;1;1;1;1;1;1;5;5;5;5;5;5;5;5;5;5;5;5;3;5;5;5;5;5;2;1;2;0;3;6;3;0;0;1;1
155;SUCRE;2;1;1;3;3;1;1;1;1;2;5;1;3;1;1;1;2;2;2;3;2;2;2;2;2;2;2;2;2;2;2;4;2;4;1;1;2;2;3;3;3;2;1;1;2;2;5;5;5;2;5;5;5;5;5;1;5;2;2;2;1;5;5;5;5;1;5;5;5;5;5;5;5;5;5;5;5;5;5;5;5;5;5;5;3;3;3;3;1;4;2;5;5;1;1;5;5;1;3;2;2;1;2;4;4;48;1;1;1;1;3;1;3;3;2;4;4;4;1;2;2;1;3;2;1;2;2;2;2;1;4;3;4;1;1;5;5;5;5;5;5;1;1;1;2;4;3;5;5;1;1;1;1;2;1;1;2;2;2;2;2;1;2;2;1;1;4;4;1;4;2;1000;2;2;2;2;2;2;2;2;2;2;1;2;5;5;5;5;5;5;5;5;4;5;5;5;5;5;4;5;5;5;1;1;2;0;3;6;3;0;0;1;2
156;ROCAFUERTE;1;1;1;3;3;1;1;1;1;2;1;2;3;2;1;2;2;3;3;3;1;1;1;1;1;1;2;1;4;1;1;4;4;4;1;1;2;2;3;2;3;2;1;1;3;2;3;2;3;2;4;5;5;5;1;5;5;2;2;2;5;5;5;5;5;1;5;5;5;5;5;5;5;5;5;5;2;2;5;5;5;5;5;5;3;2;3;2;1;4;1;4;3;1;1;5;5;1;3;1;1;1;1;3;4;50;1;2;2;1;3;1;3;3;3;3;4;4;1;3;3;2;3;1;1;2;3;1;2;1;5;1;1;1;1;5;5;5;5;5;5;1;1;1;2;3;3;5;5;1;1;1;1;2;1;1;1;1;1;2;2;2;2;1;1;1;4;4;1;5;2;1900;2;2;2;2;2;2;3;2;2;2;2;2;5;5;5;5;5;5;5;5;4;5;5;5;5;5;5;5;5;5;1;1;2;0;3;6;3;1;0;1;2
157;SUCRE;1;1;1;4;1;1;1;1;1;1;4;1;1;1;1;1;4;1;4;4;1;1;1;1;1;1;2;1;1;1;1;1;1;1;1;1;2;2;2;2;2;1;1;1;1;1;4;4;4;4;4;4;4;4;1;4;4;1;1;1;1;4;4;4;4;1;4;4;4;4;4;4;4;4;4;4;5;5;5;5;5;5;5;5;4;3;4;5;1;3;4;5;5;1;1;5;5;1;2;1;1;1;1;3;4;52;1;1;1;2;2;1;4;4;3;4;4;4;1;1;1;1;2;2;1;2;2;1;2;1;4;2;4;1;1;5;5;5;5;5;5;2;2;1;2;4;4;5;5;1;1;1;1;1;1;1;1;1;1;2;2;2;2;3;1;1;2;4;1;4;2;900;2;2;2;2;2;2;2;2;1;2;1;2;4;4;4;4;4;4;4;4;4;4;4;4;3;4;4;4;4;4;1;1;2;0;2;6;3;0;0;1;2
158;ROCAFUERTE;1;1;1;4;1;2;1;1;1;1;4;2;4;1;1;1;2;1;4;4;1;2;2;1;1;2;2;1;1;1;1;4;1;4;1;1;1;2;4;2;4;2;1;1;1;1;4;4;4;4;4;4;4;4;1;4;4;2;2;2;1;4;4;4;4;1;4;4;4;4;4;4;4;4;4;4;5;5;5;5;5;5;5;5;4;2;4;4;1;4;1;5;5;1;1;5;5;1;2;1;2;1;1;4;4;48;1;1;1;2;2;1;4;4;2;4;4;4;1;1;1;1;1;1;1;2;2;1;2;1;4;4;4;1;1;5;5;5;5;5;5;1;1;1;2;4;4;5;5;1;1;1;2;2;1;1;2;1;1;1;1;2;2;2;1;1;4;4;1;4;2;1500;2;2;2;2;2;2;2;2;2;2;2;2;4;4;4;4;4;4;4;4;4;4;4;4;4;4;4;4;4;4;1;1;2;0;3;6;1;0;0;1;1
159;ROCAFUERTE;1;2;1;4;2;2;1;1;1;2;1;1;4;1;1;1;1;1;4;4;1;2;2;1;1;1;2;1;4;1;1;4;1;4;1;1;2;2;4;1;4;1;1;1;1;4;4;4;4;4;4;4;4;4;1;4;4;2;2;2;1;1;4;4;4;4;4;4;4;4;1;4;4;1;4;4;5;5;5;5;5;5;5;5;2;2;2;2;1;3;2;4;4;1;1;5;3;1;4;2;1;1;1;2;4;50;1;1;1;2;4;1;2;2;2;2;4;4;1;1;1;1;1;1;1;1;1;1;1;1;4;2;4;1;1;5;5;5;5;5;5;1;1;1;2;4;4;5;5;1;1;1;1;1;1;1;2;1;1;2;2;2;3;3;1;1;2;4;1;4;2;1600;1;1;1;1;1;1;1;1;1;1;1;1;4;4;4;4;4;4;4;4;4;4;4;4;4;4;4;4;4;4;1;1;2;0;4;6;1;0;0;1;1
160;ROCAFUERTE;1;1;1;4;1;2;1;1;1;1;1;1;3;1;1;1;4;1;4;4;1;1;1;1;1;1;2;1;4;1;1;4;1;4;1;1;1;2;1;1;1;1;1;1;4;1;4;1;4;4;4;4;4;4;1;4;4;2;2;2;1;4;4;4;4;1;4;4;4;4;4;4;4;4;4;4;2;2;5;5;5;5;5;5;2;4;4;2;1;4;1;5;5;1;1;5;5;1;4;2;1;1;1;4;4;48;1;1;1;1;2;1;4;1;2;4;4;4;1;1;1;1;1;1;1;1;1;1;1;1;4;4;4;1;1;5;5;5;5;5;5;1;1;1;2;2;2;5;5;1;1;1;1;2;1;1;2;2;1;2;2;2;2;3;1;1;4;4;1;4;2;1500;2;2;2;2;2;2;2;2;2;2;2;2;4;4;4;4;4;4;4;4;4;4;4;4;4;4;4;4;4;4;1;1;2;0;4;6;5;0;0;1;1
161;ROCAFUERTE;1;1;1;4;1;2;1;1;1;2;4;1;2;1;1;1;4;1;4;4;1;1;1;1;1;1;2;1;1;1;1;4;4;4;1;1;1;2;4;1;4;1;1;1;1;1;4;4;4;4;4;4;4;4;1;4;4;2;2;2;1;1;4;4;4;4;4;4;4;4;1;1;1;4;4;4;5;5;5;5;5;5;5;5;2;1;4;4;1;4;1;5;5;1;1;5;5;1;2;1;2;1;2;4;4;48;1;1;1;1;2;1;4;4;2;2;4;4;1;1;1;1;2;1;1;1;1;1;1;1;4;4;4;1;1;5;5;5;5;5;5;1;2;1;2;4;4;5;5;1;1;1;1;1;1;1;1;1;1;2;2;2;2;2;1;1;2;4;1;4;2;800;1;1;1;1;1;1;2;2;1;1;1;1;4;4;4;4;4;4;4;4;4;4;4;4;4;4;4;4;4;4;1;1;2;0;3;6;1;0;0;1;1
162;ROCAFUERTE;1;1;1;2;1;2;1;1;1;1;1;1;4;1;1;1;2;1;4;4;1;1;1;1;1;1;2;1;1;1;1;4;1;4;1;1;2;2;2;1;2;1;1;1;1;1;4;4;4;4;4;4;4;4;1;4;4;2;2;2;1;4;4;4;4;1;4;4;4;4;4;4;4;4;4;4;5;5;5;5;5;5;5;5;4;2;3;4;1;3;1;5;5;1;1;5;5;1;2;1;1;1;2;2;4;48;1;1;1;2;4;1;2;3;2;2;4;4;1;1;1;1;1;1;1;2;2;1;1;1;4;2;4;2;2;5;5;5;5;5;5;1;1;1;1;4;4;5;5;1;1;1;2;1;1;1;1;1;1;2;2;2;3;3;1;1;4;4;1;4;1;1000;2;2;2;2;2;2;2;2;2;2;2;2;4;4;4;4;4;4;4;4;4;4;4;4;4;4;4;4;4;4;1;1;2;0;3;6;1;0;0;1;1
163;PORTOVIEJO;1;1;1;1;1;1;1;1;1;1;1;1;1;1;1;1;4;4;1;4;1;2;2;1;1;1;2;1;1;1;1;1;1;1;1;1;2;2;2;2;2;2;2;1;1;1;5;5;5;5;5;5;5;5;5;5;5;5;5;5;1;1;5;5;5;1;5;5;5;5;5;5;5;5;5;5;5;5;5;5;5;5;5;5;3;3;3;2;1;3;2;4;3;3;1;1;3;1;4;1;1;1;1;3;1;48;2;2;2;2;1;1;3;2;2;3;3;3;1;1;1;1;1;1;1;1;1;1;1;1;4;4;4;1;1;5;5;5;5;5;5;1;1;1;1;4;1;5;5;1;1;1;2;1;1;1;1;2;1;1;1;1;1;1;2;2;2;1;1;4;1;700;1;1;1;1;1;1;3;3;1;1;1;2;5;5;5;5;5;5;2;5;5;5;5;5;1;5;5;5;5;5;2;1;2;0;3;5;4;1;1;1;3
164;PORTOVIEJO;1;1;1;5;2;1;1;1;1;5;1;1;4;1;1;1;4;4;2;4;2;1;1;1;1;1;2;1;1;1;1;1;1;1;1;2;2;2;1;2;1;2;2;1;2;4;4;4;4;4;4;5;5;5;5;5;5;5;5;5;1;5;5;5;5;1;5;5;5;5;5;5;5;5;5;5;5;5;5;5;5;5;5;5;4;4;3;4;1;3;2;3;4;4;1;3;1;1;4;1;1;1;1;3;1;50;1;1;1;1;1;2;3;3;2;3;3;4;1;1;1;1;1;1;1;2;2;1;1;1;4;4;4;1;1;5;5;5;5;5;5;1;1;1;1;4;1;5;5;2;1;1;2;1;1;1;1;1;1;1;2;1;1;1;2;1;3;4;1;4;2;800;2;2;2;2;2;2;2;2;2;2;2;2;5;5;5;5;5;5;1;5;5;5;5;5;2;5;5;5;5;5;1;1;2;0;3;1;5;1;0;1;2
165;PORTOVIEJO;1;1;1;2;1;1;1;1;1;4;1;1;4;2;2;1;1;1;1;4;1;1;2;1;1;1;2;1;1;1;1;1;4;4;4;2;1;2;2;1;2;2;1;1;4;4;4;4;4;4;4;5;5;5;5;5;5;5;5;5;1;5;5;5;5;5;5;5;5;4;1;2;1;4;1;1;2;3;5;5;5;5;5;5;2;2;2;2;1;3;3;3;3;3;1;1;1;1;4;1;1;1;1;3;4;50;1;1;1;1;3;1;3;3;2;4;4;4;1;2;2;2;2;2;1;2;2;2;1;1;3;4;4;1;1;5;5;5;5;5;5;1;1;1;1;3;4;5;5;1;1;1;1;1;1;1;1;1;1;1;1;1;1;1;2;1;1;1;1;4;2;1100;1;1;1;1;2;2;2;2;2;2;2;2;5;5;5;5;5;5;5;5;5;5;5;5;2;5;5;5;5;5;1;1;2;0;3;6;3;0;1;1;1
166;PORTOVIEJO;1;1;1;4;1;4;1;1;1;1;1;1;2;1;1;1;1;3;1;4;1;1;1;1;2;1;2;1;1;1;1;1;1;1;1;1;1;1;0;0;0;0;0;0;4;1;4;4;4;1;4;5;5;5;5;5;5;5;5;5;1;4;4;4;4;1;4;4;4;5;5;5;5;5;5;5;5;5;5;5;5;5;5;5;3;3;3;3;1;3;1;4;4;1;1;1;1;1;4;1;1;1;1;3;4;48;1;1;1;1;3;2;3;3;1;3;3;3;1;1;1;1;1;1;1;1;1;1;1;1;3;4;4;1;1;5;5;5;5;5;5;1;1;1;1;4;2;5;5;1;1;1;2;1;1;1;1;1;1;1;1;1;2;1;1;1;1;5;1;5;2;1200;1;1;1;1;1;1;1;1;1;1;1;1;5;5;5;5;5;5;5;5;1;5;5;5;1;5;5;5;5;5;1;1;2;0;3;5;3;3;0;1;2
167;PORTOVIEJO;1;1;1;4;1;1;1;1;1;1;1;1;1;1;1;1;4;4;1;4;1;1;1;1;2;1;2;1;1;1;1;1;1;1;1;2;1;2;2;1;3;1;1;1;2;1;5;5;5;5;5;5;5;5;5;5;5;5;5;5;1;1;5;5;5;5;5;5;5;4;1;1;1;2;1;1;5;5;5;5;5;5;5;5;3;3;3;3;1;4;1;4;3;1;1;1;1;1;4;1;1;1;1;3;1;55;1;1;1;1;1;2;4;3;2;4;4;4;1;1;1;1;1;1;1;1;2;1;1;2;5;4;4;2;1;5;5;5;5;5;5;1;1;1;1;1;1;5;5;1;1;2;2;1;1;1;1;1;1;1;1;1;1;1;1;1;1;1;2;1;2;600;1;1;1;1;1;2;2;2;1;1;1;1;1;5;5;5;5;5;1;5;5;1;5;5;1;1;5;5;5;5;1;1;2;0;3;2;9;2;0;1;1
168;PORTOVIEJO;1;1;1;4;4;1;1;1;4;4;1;1;2;1;1;1;1;1;1;2;1;1;1;1;1;1;2;1;1;1;2;4;4;1;1;1;1;1;0;0;0;0;0;0;1;1;5;5;5;1;5;5;5;5;5;5;5;5;5;5;1;5;5;5;5;1;1;5;5;5;5;5;5;5;5;5;5;5;5;5;5;5;5;5;2;2;2;2;1;1;1;1;4;1;1;1;1;1;4;1;1;1;1;3;2;48;1;1;1;1;2;1;2;3;2;4;4;4;1;2;2;1;1;1;1;1;1;1;1;1;5;4;4;1;1;5;5;5;5;5;5;1;1;1;1;5;2;5;5;1;1;1;1;1;1;1;2;2;1;1;1;1;3;1;2;1;1;4;1;4;2;1200;1;2;2;2;2;2;2;2;1;1;1;1;5;5;5;5;5;5;5;5;5;5;5;5;5;5;5;5;5;5;1;1;2;0;3;6;7;0;2;1;4
169;ROCAFUERTE;2;1;2;4;2;2;1;1;1;2;1;1;3;1;1;1;1;2;2;2;1;1;2;1;1;2;2;1;4;1;1;2;2;2;2;2;2;2;3;1;4;1;1;1;1;1;5;5;5;5;5;5;5;5;5;5;5;5;5;5;1;5;5;5;5;1;5;5;5;5;5;5;5;5;5;5;5;5;5;5;5;5;5;5;3;1;3;2;1;4;3;4;5;5;1;5;5;1;3;1;1;1;2;4;4;48;1;1;1;1;3;1;4;3;2;3;4;4;1;1;1;1;1;1;2;2;2;2;2;2;4;3;3;1;1;5;5;5;5;5;5;1;1;1;1;3;3;5;5;5;1;1;1;1;1;1;1;1;1;2;2;2;2;2;2;1;3;4;1;4;2;1000;2;2;2;2;2;2;3;2;2;2;2;2;5;5;5;5;5;5;2;5;5;5;5;5;2;4;5;5;5;5;1;1;2;0;3;6;1;0;0;1;1
170;SUCRE;1;1;1;4;1;4;1;1;1;1;1;1;3;1;1;1;2;3;4;4;2;2;3;2;2;2;2;1;1;1;1;1;4;1;1;1;1;2;1;1;4;1;1;1;5;1;5;5;5;1;5;5;5;5;5;5;5;5;5;5;1;2;5;5;5;1;5;5;5;5;5;5;5;5;5;5;5;5;1;5;5;5;5;5;1;1;1;1;1;3;3;2;3;5;1;1;1;1;3;1;1;1;1;2;1;50;1;1;1;1;1;1;3;3;2;3;3;3;1;1;1;1;1;1;1;5;5;5;5;5;4;4;4;1;1;5;5;5;5;5;5;1;1;1;1;3;1;5;5;5;1;1;2;1;1;5;2;2;1;2;2;2;3;2;1;1;3;4;1;3;2;1100;1;1;1;1;1;1;2;2;1;1;1;2;5;5;5;5;5;5;5;5;5;5;5;5;2;4;5;5;5;5;1;1;2;0;2;6;3;0;0;1;2
171;PORTOVIEJO;1;1;2;2;1;1;1;1;1;1;2;1;2;1;1;1;1;2;1;4;1;1;1;1;1;1;2;1;1;1;1;4;4;4;1;1;1;2;2;2;2;2;2;2;2;4;4;4;4;4;4;5;5;5;5;5;5;5;5;5;1;4;4;4;4;1;4;4;4;5;5;5;5;5;5;5;2;2;5;5;5;5;5;5;1;4;3;1;1;4;3;4;5;5;1;5;2;1;3;1;1;1;1;4;4;48;1;1;1;1;1;1;4;3;2;3;3;3;1;1;1;1;1;1;1;1;1;1;1;1;4;4;2;1;1;5;5;5;5;5;5;1;1;1;1;2;3;5;5;5;1;1;1;1;1;1;1;1;1;1;1;1;2;1;1;1;2;1;1;4;2;1000;1;1;1;1;2;1;3;2;1;2;2;2;5;5;5;5;5;5;2;5;5;5;5;5;2;5;5;5;5;5;2;1;2;0;5;6;4;0;0;1;1
172;PORTOVIEJO;1;1;2;4;1;1;1;1;1;1;4;1;1;1;1;1;1;4;1;4;1;1;2;1;1;1;2;1;1;1;1;4;1;4;1;1;2;1;0;0;0;0;0;0;1;1;4;1;4;4;4;4;4;4;1;4;4;2;2;2;4;4;4;4;4;1;1;4;4;4;4;4;4;4;4;4;5;5;5;5;5;5;5;5;2;2;3;4;1;1;2;3;5;1;1;5;5;1;4;1;1;1;1;2;4;48;1;1;1;2;4;1;2;2;2;3;4;4;1;1;1;1;1;1;1;1;1;1;1;1;4;2;4;4;1;5;5;5;5;5;5;1;1;1;2;4;4;5;5;1;1;1;1;1;1;1;1;1;1;2;2;2;2;3;1;1;2;4;1;4;2;1100;2;2;2;2;2;2;2;2;2;2;2;2;4;4;4;4;4;4;4;4;4;4;4;4;4;4;4;4;4;4;2;1;2;0;3;6;3;3;0;1;2
173;PORTOVIEJO;2;1;1;2;1;1;1;1;1;2;1;1;2;1;1;1;4;4;1;4;1;1;1;1;1;1;1;0;0;0;0;0;0;0;0;0;0;1;0;0;0;0;0;0;1;1;4;4;4;4;4;4;4;4;1;4;4;2;2;2;4;4;4;4;4;1;1;4;4;4;4;4;4;4;4;4;5;5;5;5;5;5;5;5;2;2;3;4;1;1;1;5;5;1;1;5;5;1;2;1;1;1;1;4;4;55;2;2;2;2;2;1;4;3;2;4;4;4;1;1;1;1;1;1;1;1;1;1;1;1;4;4;4;1;1;5;5;5;5;5;5;1;1;1;2;4;4;5;5;1;1;1;1;2;1;1;2;1;1;2;2;2;2;3;1;1;2;4;1;4;2;800;2;2;2;2;2;2;2;2;2;2;2;2;4;4;4;4;4;4;4;4;4;4;4;4;4;4;4;4;4;4;1;1;2;0;3;4;3;0;0;1;2
174;PORTOVIEJO;2;1;2;1;2;1;1;1;1;1;1;1;4;1;1;1;4;2;1;4;1;2;2;1;1;2;1;0;0;0;0;0;0;0;0;0;0;1;0;0;0;0;0;0;1;1;4;4;4;4;4;1;4;4;1;4;4;2;2;2;1;4;4;4;4;1;4;4;4;4;4;4;4;4;4;4;5;5;5;5;5;5;5;5;2;3;3;4;1;1;2;5;5;1;1;5;5;1;2;1;1;1;1;4;4;54;1;1;1;1;4;1;2;3;2;3;4;4;1;1;1;1;1;1;1;1;1;1;1;1;4;2;4;1;1;5;5;5;5;5;5;1;1;1;2;4;4;5;5;1;1;1;1;2;1;1;2;1;1;2;2;2;2;3;1;1;2;4;1;4;2;600;2;2;2;2;2;2;2;2;2;2;2;2;4;4;4;4;4;4;4;4;4;4;4;4;4;4;4;4;4;4;1;1;2;0;3;4;3;0;0;1;1
175;PORTOVIEJO;1;1;1;3;1;1;1;2;2;1;1;1;4;1;1;1;4;1;1;4;1;2;2;1;1;2;2;1;1;1;1;1;1;1;1;1;2;2;2;1;2;2;1;1;1;1;4;4;4;4;4;1;4;4;4;4;4;2;2;2;1;4;4;4;4;1;4;4;4;4;4;4;4;4;4;4;4;4;4;4;4;4;4;4;2;2;4;4;1;1;2;5;5;1;1;5;5;1;4;1;1;1;1;4;5;56;1;1;1;2;3;1;3;3;2;4;4;4;1;1;1;1;2;1;1;1;1;1;1;1;4;2;2;1;1;5;5;5;5;5;5;2;2;1;2;4;4;5;5;1;1;1;1;1;1;1;2;1;1;2;2;2;3;3;1;1;1;4;1;2;3;600;2;2;2;2;2;2;2;2;2;2;2;2;4;4;4;4;4;4;4;4;4;4;4;4;3;4;4;4;4;4;1;1;2;0;2;4;1;0;0;1;2
176;PORTOVIEJO;1;1;1;3;1;1;1;1;1;1;1;1;2;1;1;1;2;1;1;2;2;2;1;2;2;1;2;1;1;1;1;4;4;4;1;1;2;1;0;0;0;0;0;0;4;1;4;1;4;4;4;4;4;4;1;4;4;2;2;2;1;1;4;4;4;1;4;4;4;4;4;4;4;4;4;4;5;5;5;5;5;5;5;5;2;3;3;4;1;1;1;5;5;1;1;5;5;1;3;2;1;1;1;2;3;56;2;1;2;2;4;1;2;2;2;3;4;4;1;2;2;2;2;1;1;2;2;1;1;1;4;4;4;1;1;5;5;5;5;5;5;1;1;1;2;2;2;5;5;1;1;1;1;1;1;1;1;1;1;1;1;1;1;1;1;1;4;4;1;4;1;600;2;2;2;2;2;2;2;2;2;2;1;2;4;4;4;4;4;4;4;4;4;4;4;4;4;4;4;4;4;4;1;1;2;0;3;4;3;0;1;1;1
177;PORTOVIEJO;1;1;1;4;3;1;1;1;1;1;1;1;5;1;1;1;4;1;1;4;1;1;2;1;1;2;1;0;0;0;0;0;0;0;0;0;0;1;0;0;0;0;0;0;1;1;4;1;4;4;4;4;4;4;1;4;4;1;1;1;1;4;4;4;4;1;4;4;4;4;4;4;4;4;4;4;5;5;5;5;5;5;5;5;2;2;4;4;1;1;1;4;5;1;1;5;5;1;4;2;1;1;1;2;4;56;2;2;2;2;4;1;2;2;2;3;4;4;1;2;2;2;1;1;1;1;1;1;1;1;4;4;4;1;1;5;5;5;5;5;5;1;1;1;2;4;4;5;5;2;1;1;1;1;1;1;2;1;1;2;2;3;2;2;1;1;2;4;1;2;2;800;2;2;2;2;2;2;2;2;2;2;1;2;4;4;4;4;4;4;4;4;4;4;4;4;3;4;4;3;4;4;1;1;2;0;3;5;1;0;0;1;1
178;PORTOVIEJO;1;1;1;4;1;1;1;1;1;1;1;1;3;1;1;1;4;1;2;4;1;2;2;1;1;2;2;1;4;1;1;4;1;4;1;1;2;2;4;1;4;1;1;1;1;4;1;4;4;1;4;4;4;4;1;4;4;2;2;2;1;1;4;4;4;4;4;4;4;4;1;1;4;4;4;4;5;5;2;5;5;5;5;5;2;3;2;2;1;1;2;3;5;1;1;5;5;1;4;1;1;1;1;2;3;54;1;1;1;2;2;1;4;2;2;2;4;4;1;1;1;1;2;1;1;2;2;1;1;1;4;2;4;1;1;5;5;5;5;5;5;1;1;1;2;2;2;5;5;2;1;1;2;1;1;1;2;1;1;2;2;2;2;3;1;1;1;4;1;4;2;500;2;2;1;1;2;2;2;2;1;2;2;2;4;4;4;4;4;4;4;4;4;4;4;4;4;4;4;4;4;4;2;1;2;0;3;4;6;0;3;1;1
179;PORTOVIEJO;1;1;1;1;2;1;1;3;1;1;1;2;4;1;1;1;1;4;1;4;1;1;1;1;1;1;2;1;4;1;1;4;1;4;1;1;2;1;0;0;0;0;0;0;1;1;4;1;4;4;4;4;4;4;1;4;4;2;2;2;1;4;4;4;4;1;4;4;4;4;4;4;4;4;4;4;5;5;5;5;5;5;5;5;2;2;4;4;1;1;2;5;5;1;1;5;5;1;2;1;1;1;1;4;4;56;1;1;1;2;2;1;4;4;2;4;4;4;1;2;2;2;2;2;1;1;1;1;1;1;4;2;4;1;1;5;5;5;5;5;5;1;1;1;2;4;4;5;5;2;1;1;1;2;1;1;2;1;1;2;2;2;2;3;1;1;1;4;1;4;2;200;2;2;1;1;2;2;2;2;2;2;2;2;4;4;4;4;4;4;4;4;4;4;4;4;4;4;4;4;4;4;2;1;2;0;3;5;3;0;0;1;1
180;PORTOVIEJO;2;1;1;3;1;1;1;1;1;1;4;1;4;1;1;1;1;2;1;4;1;1;1;1;1;1;1;0;0;0;0;0;0;0;0;0;0;2;4;1;4;1;1;1;4;1;4;1;4;4;4;4;4;4;1;4;4;2;2;2;1;4;4;4;4;1;4;4;4;4;4;4;4;4;4;4;5;5;5;5;5;5;5;5;3;4;4;4;1;1;1;5;5;1;1;5;5;1;2;1;1;1;1;4;4;40;1;1;1;2;2;1;4;3;2;4;4;4;1;1;1;1;1;1;1;1;1;1;1;1;4;4;4;1;1;5;5;5;5;5;5;1;1;1;2;3;3;5;5;1;1;1;1;2;1;1;2;1;1;2;2;2;2;3;1;1;4;4;1;4;2;500;2;2;2;2;2;2;2;2;2;2;2;2;4;4;4;4;4;4;4;4;4;4;4;4;4;4;4;4;4;4;1;1;2;0;2;6;1;0;0;1;2
181;PORTOVIEJO;1;1;1;4;2;1;1;1;1;2;4;1;1;1;1;1;4;4;1;4;1;1;1;1;1;1;2;1;4;1;1;4;1;4;1;1;2;1;0;0;0;0;0;0;4;1;4;1;4;4;4;4;4;4;1;4;4;2;2;2;1;4;4;4;4;1;4;4;4;4;4;4;4;4;4;4;5;5;5;5;5;5;5;5;2;2;4;4;3;3;1;4;5;1;1;5;5;1;2;1;1;1;1;4;4;53;1;1;1;2;2;1;4;3;2;4;4;4;2;2;2;2;2;3;1;1;1;1;1;1;4;4;4;1;1;5;5;5;5;5;5;1;1;1;2;4;4;5;5;1;1;1;1;1;1;1;1;1;1;2;2;2;2;3;1;1;1;4;1;4;2;2200;2;2;2;2;2;2;2;2;2;2;2;2;4;4;4;4;4;4;4;4;4;4;4;4;3;4;4;4;4;4;2;1;2;0;4;6;3;6;0;1;2
182;PORTOVIEJO;2;1;1;4;1;1;1;1;1;2;4;2;4;2;1;1;4;1;1;4;1;2;2;1;1;2;2;1;4;1;1;1;1;1;1;1;2;1;0;0;0;0;0;0;4;4;4;1;4;4;4;4;4;4;1;4;4;2;2;2;1;1;4;4;4;4;4;4;4;4;1;1;4;4;4;4;5;5;5;5;5;5;5;5;2;2;4;4;1;1;1;5;5;1;1;5;5;1;3;2;1;1;1;3;4;54;1;1;1;1;2;1;4;4;2;4;4;4;1;1;1;1;1;1;1;1;1;1;1;1;4;4;4;1;1;5;5;5;5;5;5;1;1;1;1;4;4;5;5;1;1;1;1;2;1;1;2;1;1;2;2;2;2;2;1;1;1;4;1;4;2;800;2;2;2;2;2;2;2;2;2;2;2;2;4;4;4;4;4;4;4;4;4;4;4;4;4;4;4;4;4;4;1;1;2;0;4;6;4;0;0;1;1
183;PORTOVIEJO;1;1;1;4;2;1;1;1;1;2;4;1;1;1;1;1;4;4;1;4;1;1;1;1;1;1;2;1;1;1;1;4;1;4;1;1;2;2;2;1;2;2;1;1;4;4;4;1;4;4;4;4;4;4;1;4;4;2;2;2;1;4;4;4;4;1;4;4;4;4;4;4;4;4;4;4;5;5;5;5;5;5;5;5;3;4;4;4;1;1;1;4;3;1;1;5;3;1;4;1;1;1;1;2;4;48;1;1;1;1;4;1;2;3;2;3;4;4;1;1;1;1;1;1;1;1;1;1;1;1;4;2;2;1;1;5;5;5;5;5;5;1;1;1;2;2;2;4;4;2;1;1;1;1;1;1;1;1;1;2;2;2;3;3;1;1;1;4;1;4;2;2500;2;2;1;1;2;2;2;2;2;2;2;2;4;4;4;4;4;4;4;4;4;4;4;4;4;4;4;4;4;4;2;1;2;0;4;6;7;1;0;1;1
184;PORTOVIEJO;1;1;1;4;4;1;1;1;1;2;4;2;4;1;1;1;3;1;1;3;1;2;2;2;2;2;2;1;1;1;1;1;1;1;1;1;2;2;4;1;4;1;1;1;4;1;4;1;4;4;4;4;4;4;1;4;4;2;2;2;1;4;4;4;4;1;4;4;4;4;4;4;4;4;4;4;5;5;5;5;5;5;5;5;2;2;3;5;1;1;1;1;4;1;1;5;5;1;4;1;1;1;1;2;3;53;1;1;1;2;4;1;2;3;2;3;4;4;1;1;1;1;2;1;1;1;1;1;1;1;4;2;4;1;1;5;5;5;5;5;5;1;1;1;2;4;4;5;5;2;1;1;1;1;1;1;2;1;1;2;2;2;2;3;1;1;1;4;1;4;2;1300;2;2;2;2;2;2;2;2;2;2;1;2;4;4;4;4;4;4;4;4;4;4;4;4;4;4;4;4;4;4;1;1;2;0;3;6;3;2;0;1;2
185;PORTOVIEJO;1;1;1;4;2;1;1;1;1;2;4;1;1;1;1;1;3;3;1;4;1;2;2;1;1;2;1;0;0;0;0;0;0;0;0;0;0;1;0;0;0;0;0;0;1;1;4;1;4;4;4;4;4;4;1;4;4;2;2;2;1;1;4;4;4;1;4;4;4;4;4;4;4;4;4;4;5;5;5;5;5;5;5;5;2;2;3;4;1;1;1;5;5;1;1;5;5;1;4;1;1;1;1;2;3;52;1;1;1;2;4;1;2;2;2;4;4;4;1;1;1;1;1;1;1;1;1;1;1;1;4;2;2;1;1;5;5;5;5;5;5;1;1;2;2;4;4;5;5;1;1;1;1;1;1;1;1;1;1;2;2;2;2;3;1;1;1;4;1;4;2;1500;2;2;2;2;2;2;2;2;2;2;2;2;4;4;4;4;4;4;4;4;4;4;4;4;4;4;4;4;4;4;1;1;2;0;4;6;3;2;0;1;1
186;PORTOVIEJO;1;1;1;4;4;1;1;1;1;1;4;1;1;1;1;1;1;4;1;1;4;1;1;1;1;1;1;0;0;0;0;0;0;0;0;0;0;1;0;0;0;0;0;0;4;1;4;1;4;4;4;4;4;4;1;4;4;2;2;2;1;4;4;4;4;1;4;4;4;4;4;4;4;4;4;4;5;5;5;5;5;5;5;5;2;2;4;5;1;1;1;3;4;1;1;5;5;1;4;1;1;1;1;2;3;53;1;1;2;2;4;1;2;3;2;3;4;4;1;1;1;1;1;1;1;1;2;1;1;1;4;2;2;1;1;5;5;5;5;5;5;1;1;1;2;4;4;5;5;1;1;1;1;2;1;1;2;2;1;2;3;2;3;3;1;1;1;4;1;4;2;600;2;2;2;2;2;2;2;2;2;2;1;2;4;4;4;4;4;4;4;4;4;4;4;4;4;4;4;4;4;4;2;1;2;0;3;6;3;2;0;1;1
187;PORTOVIEJO;2;1;1;2;1;1;1;1;1;1;2;1;2;1;1;1;1;4;1;4;1;1;1;1;1;1;2;1;4;1;1;1;1;4;1;1;2;1;0;0;0;0;0;0;4;1;4;1;4;4;4;4;4;4;1;4;4;2;2;2;1;4;4;4;4;1;4;4;4;4;4;4;4;4;4;4;5;5;5;5;5;5;5;5;4;2;4;4;1;1;1;5;5;1;1;5;5;1;2;1;1;1;1;2;4;53;1;1;1;1;2;1;4;3;3;4;4;4;1;1;1;1;1;1;1;1;1;1;1;1;4;2;4;1;1;5;5;5;5;5;5;1;1;1;2;4;4;5;5;1;1;1;1;1;1;1;2;1;1;2;2;2;2;2;1;1;4;4;1;4;2;700;2;2;2;2;2;2;2;2;2;2;2;2;4;4;4;4;4;4;4;4;4;4;4;4;4;4;4;4;4;4;2;1;2;0;4;6;4;0;0;1;1
188;PORTOVIEJO;1;1;1;4;1;1;1;1;1;2;1;1;4;1;1;1;1;4;4;4;1;2;2;1;1;2;2;1;1;1;1;4;1;4;1;1;2;1;0;0;0;0;0;0;4;1;4;1;4;4;4;4;4;4;1;4;4;2;2;2;1;1;4;4;4;1;4;4;4;4;4;4;4;4;4;4;5;5;5;5;5;5;5;5;3;3;2;4;1;1;4;5;5;1;1;5;5;1;2;1;1;1;1;4;4;53;1;1;1;1;2;1;4;3;3;4;4;4;1;1;1;1;1;1;1;1;1;1;1;1;4;2;2;1;1;5;5;5;5;5;5;1;1;1;2;2;2;5;5;1;1;1;1;1;1;1;1;1;1;2;2;2;3;3;1;1;1;4;1;4;2;800;2;2;2;2;2;2;2;2;2;2;2;2;4;4;4;4;4;4;4;4;4;4;4;4;4;4;4;4;4;4;1;1;2;0;4;6;7;0;0;1;1
189;PORTOVIEJO;1;1;1;4;4;1;1;1;1;2;4;1;1;1;1;1;4;4;1;4;1;1;1;1;1;1;2;1;1;1;1;1;1;1;1;1;2;2;2;1;2;2;1;1;4;1;4;1;4;4;4;4;4;4;1;4;4;2;2;2;1;4;4;4;4;1;4;4;4;4;4;4;4;4;4;4;5;5;5;5;5;5;5;5;3;2;3;4;1;1;2;3;4;1;1;5;5;1;4;1;1;1;1;2;4;52;1;1;1;1;4;1;2;3;2;3;4;4;1;1;1;1;1;1;1;1;1;1;1;1;4;2;4;1;1;5;5;5;5;5;5;1;1;1;2;4;4;5;5;1;1;1;1;1;1;1;1;1;1;2;2;2;2;3;1;1;1;4;1;4;2;1700;2;2;2;2;2;2;2;2;2;2;2;2;4;4;4;4;4;4;4;4;4;4;4;4;4;4;4;4;4;4;2;1;2;0;3;6;3;4;0;1;1
190;PORTOVIEJO;1;1;1;4;1;4;1;1;1;2;1;1;4;1;1;1;1;4;1;4;1;2;2;1;1;2;2;1;1;1;1;4;4;4;1;1;2;1;0;0;0;0;0;0;4;1;4;1;4;4;4;4;4;4;1;4;4;2;2;2;1;4;4;4;4;1;4;4;4;4;4;4;4;4;4;4;5;5;5;5;5;5;5;5;3;3;4;2;1;1;1;3;4;1;1;5;5;1;2;1;1;1;1;4;4;48;1;1;1;2;2;1;4;4;3;4;4;4;1;2;1;1;2;1;1;2;2;1;1;1;4;2;2;1;1;5;5;5;5;5;5;1;1;1;2;2;2;5;5;1;1;1;1;1;1;1;2;1;1;2;2;2;3;3;1;1;2;4;1;4;2;1500;2;2;2;2;2;2;2;2;2;2;1;2;4;4;4;4;4;4;4;4;4;4;4;4;4;4;4;4;4;4;1;1;2;0;4;6;3;4;0;1;1
191;PORTOVIEJO;1;1;1;4;4;1;1;1;1;2;4;1;1;1;1;1;1;4;1;4;1;1;1;1;1;1;1;0;0;0;0;0;0;0;0;0;0;1;0;0;0;0;0;0;4;1;4;1;4;4;4;4;4;4;1;4;4;1;1;1;1;4;4;4;4;1;4;4;4;4;4;4;4;4;4;4;5;5;5;5;5;5;5;5;2;3;4;4;1;1;2;5;5;1;1;5;5;1;2;1;1;1;1;4;4;48;1;1;1;2;2;1;4;3;3;4;4;4;1;1;1;1;1;1;1;1;1;1;1;1;4;2;2;1;1;5;5;5;5;5;5;1;1;1;2;4;4;5;5;1;1;1;1;1;1;1;1;1;1;2;2;2;2;2;1;1;1;4;1;4;2;800;2;2;2;2;2;2;2;2;2;2;1;2;4;4;4;4;4;4;4;4;4;4;4;4;4;4;4;4;4;4;1;1;2;0;4;6;3;0;0;1;1
192;PORTOVIEJO;1;1;1;4;1;1;1;1;1;2;1;1;2;1;1;1;1;4;1;4;1;1;1;1;1;1;2;1;1;1;1;1;1;1;1;1;2;2;2;1;2;1;1;1;4;4;4;1;4;4;4;4;4;4;1;4;4;2;2;2;1;4;4;4;4;1;4;4;4;4;4;4;4;4;4;4;5;5;5;5;5;5;5;5;3;3;4;4;1;1;1;5;5;1;1;5;5;1;4;1;1;1;1;4;4;53;1;1;1;2;2;1;4;3;2;3;4;4;1;1;1;1;1;1;1;1;1;1;1;1;4;2;2;1;1;5;5;5;5;5;5;1;1;1;2;3;3;5;5;1;1;1;1;1;1;1;1;1;1;2;2;2;2;3;1;1;2;4;1;4;2;1000;2;2;1;1;2;2;2;2;2;2;2;2;4;4;4;4;4;4;4;4;4;4;4;4;4;4;4;4;4;4;1;1;2;0;4;6;7;4;0;1;1
193;PORTOVIEJO;1;1;1;4;2;1;1;1;1;2;4;1;4;1;1;1;4;1;1;4;1;1;1;1;1;1;2;1;1;1;1;4;1;4;1;1;2;1;0;0;0;0;0;0;4;1;4;1;4;4;4;4;4;4;1;4;4;2;2;2;1;1;4;4;4;4;4;4;4;4;1;4;4;4;4;4;5;5;2;5;5;5;5;5;2;3;2;3;1;1;2;3;3;1;1;5;5;1;4;1;1;1;1;2;3;53;1;1;1;2;4;1;2;2;2;2;4;4;1;2;1;1;1;1;1;2;2;1;1;1;4;2;4;1;1;5;5;5;5;5;5;1;1;1;2;2;2;5;5;1;1;1;1;1;1;1;2;1;1;2;2;2;3;3;1;1;1;4;1;3;2;1100;1;1;1;1;2;2;2;2;1;2;2;2;4;4;4;4;4;4;4;4;4;4;4;4;4;4;4;4;4;4;2;1;2;0;4;6;3;2;0;1;2
194;PORTOVIEJO;1;1;1;4;2;1;1;1;1;2;4;1;4;1;1;1;2;4;4;4;1;2;2;1;1;2;2;1;1;1;1;4;1;4;1;1;2;1;0;0;0;0;0;0;4;1;4;1;4;4;4;4;4;4;1;4;4;2;2;2;1;1;4;4;4;1;4;4;4;4;4;4;4;4;4;4;5;5;5;5;5;5;5;5;2;2;2;2;1;1;2;3;3;1;1;5;5;1;4;1;1;1;1;2;4;48;1;1;1;2;4;1;2;3;2;3;4;4;1;1;1;1;1;1;1;1;1;1;1;1;4;2;2;1;1;5;5;5;5;5;5;1;1;1;2;3;3;5;5;1;1;1;2;1;1;1;2;1;1;2;3;2;2;3;1;1;1;4;1;4;2;1500;1;1;1;1;2;2;2;2;2;2;1;2;4;4;4;4;4;4;4;4;4;4;4;4;4;4;4;4;4;4;1;1;2;0;3;6;6;2;0;1;2
195;PORTOVIEJO;1;1;1;4;1;1;1;1;1;2;4;1;1;1;1;1;2;4;1;4;1;1;1;1;1;1;2;1;1;1;1;1;1;1;1;1;2;2;2;2;2;2;1;1;4;1;4;1;4;4;4;4;4;4;1;4;4;2;2;2;1;4;4;4;4;1;4;4;4;4;4;4;4;4;4;4;5;5;5;5;5;5;5;5;2;2;3;4;1;1;1;5;5;1;1;5;5;1;4;1;1;1;1;1;4;52;2;2;2;2;4;1;2;3;2;2;4;4;1;2;2;2;1;1;1;2;1;1;1;1;4;2;4;1;1;5;5;5;5;5;5;1;1;1;2;3;4;5;5;1;1;1;1;2;1;1;2;1;1;2;2;2;3;3;1;1;2;4;1;4;2;1100;2;2;2;2;2;2;2;2;2;2;2;2;4;4;4;4;4;4;4;4;4;4;4;4;4;4;4;4;4;4;2;1;2;0;3;6;3;1;0;1;2
196;PORTOVIEJO;2;1;1;1;2;1;1;1;1;2;4;1;2;1;1;1;4;4;1;4;1;2;2;1;1;2;2;1;1;1;1;4;1;4;1;1;2;1;0;0;0;0;0;0;4;1;4;1;4;4;4;4;4;4;1;4;4;2;2;2;1;4;4;4;4;1;4;4;4;4;4;4;4;4;4;4;5;5;5;5;5;5;5;5;3;2;4;4;1;1;2;5;5;1;1;5;5;1;2;1;1;1;1;3;4;48;1;1;1;2;2;1;4;3;2;4;4;4;1;1;1;1;2;1;1;2;2;1;1;1;4;2;4;1;1;5;5;5;5;5;5;1;1;1;2;4;4;5;5;1;1;1;1;2;1;1;2;1;1;2;2;2;3;3;1;1;2;4;1;4;2;800;2;2;2;2;2;2;2;2;2;2;2;2;4;4;4;4;4;4;4;4;4;4;4;4;4;4;4;4;4;4;2;1;2;0;3;6;3;1;0;1;1
197;PORTOVIEJO;1;1;1;4;2;1;1;1;1;2;1;1;1;1;1;1;1;4;1;4;1;1;1;1;1;1;2;1;1;1;1;1;1;1;1;1;2;2;2;2;2;2;2;2;4;1;4;1;4;4;4;4;4;4;1;4;4;2;2;2;1;4;4;4;4;1;4;4;4;4;4;4;4;4;4;4;5;5;5;5;5;5;5;5;3;2;4;4;1;1;1;5;5;1;1;5;5;1;3;1;1;1;1;4;4;48;1;1;1;2;4;1;2;3;2;4;4;4;1;1;1;1;1;1;1;1;1;1;1;1;4;2;2;1;1;5;5;5;5;5;5;1;1;1;2;4;4;5;5;1;1;1;1;1;1;1;2;1;1;2;2;2;2;2;1;1;1;4;1;4;2;2000;2;2;2;2;2;2;2;2;2;2;2;2;4;4;4;4;4;4;4;4;4;4;4;4;4;4;4;4;4;4;2;1;2;0;3;6;3;6;0;1;2
198;PORTOVIEJO;1;1;1;4;2;1;1;1;1;2;4;1;2;1;1;1;4;1;1;4;1;1;1;1;1;1;2;1;1;1;1;4;1;4;1;1;2;1;0;0;0;0;0;0;4;1;4;1;4;4;4;4;4;4;1;4;4;2;2;2;1;4;4;4;4;1;4;4;4;4;4;4;4;4;4;4;5;5;5;5;5;5;5;5;4;4;4;4;1;1;1;4;5;1;1;5;5;1;2;1;1;1;1;2;4;53;1;1;1;1;2;1;4;2;2;3;4;4;1;1;1;1;1;1;1;2;2;1;1;1;4;2;4;1;1;5;5;5;5;5;5;1;1;1;2;4;4;5;5;1;1;1;1;1;1;1;1;1;1;2;3;2;3;3;1;1;1;4;1;4;2;2500;2;2;2;2;2;2;2;2;2;2;1;2;4;4;4;4;4;4;4;4;4;4;4;4;4;4;4;4;4;4;2;1;2;0;4;6;3;6;0;1;1
199;PORTOVIEJO;1;1;1;4;4;1;1;1;1;2;4;1;4;1;1;1;4;4;1;4;1;2;2;1;1;2;2;1;1;1;4;1;1;1;1;1;2;2;2;1;2;2;2;1;1;1;4;1;4;4;4;4;4;4;1;4;4;2;2;2;4;4;4;4;4;1;4;4;4;4;4;4;4;4;4;4;5;5;5;5;5;5;5;5;2;2;4;4;1;1;1;3;5;1;1;5;5;1;2;1;1;1;1;3;4;52;1;1;1;2;4;1;2;3;3;4;4;4;1;1;1;1;1;1;1;1;1;1;1;1;4;2;4;1;1;5;5;5;5;5;5;2;2;1;2;4;4;5;5;1;1;1;1;1;1;1;1;1;1;2;2;2;2;2;1;1;1;4;1;4;2;2300;1;1;1;1;2;2;2;2;2;2;1;2;4;4;4;4;4;4;4;4;4;4;4;4;4;4;4;4;4;4;1;1;2;0;3;6;3;10;0;1;2
200;PORTOVIEJO;1;1;1;4;4;1;1;1;1;1;4;1;4;1;1;1;4;4;1;4;1;2;2;1;1;2;2;1;4;1;1;1;1;1;1;1;2;2;2;1;2;2;1;1;4;1;4;1;4;4;4;4;4;4;1;4;4;2;2;2;1;4;4;4;4;1;1;4;4;4;4;4;4;4;4;4;5;5;2;5;5;5;5;5;2;4;2;2;1;1;1;5;5;1;1;5;5;1;4;1;1;1;1;2;3;53;1;1;1;2;4;1;2;3;2;4;4;4;1;2;2;2;2;1;1;1;1;1;1;1;4;2;4;1;1;5;5;5;5;5;5;1;1;1;2;2;3;5;5;1;1;1;1;1;1;1;2;1;1;2;2;2;2;3;1;1;1;4;1;4;2;1000;2;2;2;2;2;2;2;2;2;2;2;2;4;4;4;4;4;4;4;4;4;4;4;4;4;4;4;4;4;4;1;1;2;0;3;6;6;1;0;1;3
