N;CANTON:;A11;A12;A13;A14;A15;A16;A17;A18;A19;A11;A111;A21;A22;A23;A24;A25;B31;B32;B33;B34;B35;B41;B42;B43;B44;B45;C52;C5a1;C5a2;C5a3;C5a4;C5a5;C5a6;C5a7;C5a8;C5a9;C5a1;C61;C6a1;C6a2;C6a3;C6a4;C6a5;C6a6;C71;C72;C73;C74;C75;C76;C77;C81;C82;C83;C84;C85;C86;C91;C92;C93;D11;D12;D13;D14;D15;D16;D17;D18;D19;D111;D112;D113;D114;D115;D116;D117;E121;E122;E123;E124;E125;E126;E127;E128;E131;E132;E133;E134;E135;E136;E137;E141;E142;E143;E144;E145;E146;E151;E152;E153;E154;E155;E156;E157;E158;F161;F171;F172;F173;F174;F175;F176;F177;F181;F182;F183;F184;F185;G191;G192;G193;G194;G195;G196;G21;G22;G23;G24;G25;G26;G27;G28;G29;G21;G211;G211;G212;G213;G214;G215;G216;H221;H222;H223;H224;H225;H226;H231;H232;H233;H241;H242;H243;I251;I252;I253;I254;I255;I256;I261;I262;I263;I264;I265;I271;I272;I273;I274;I275;I276;I281;J291;J31;J32;J33;J34;J35;J36;J37;J38;J39;J31;J311;J312;K311;K312;K313;K314;K315;K316;K317;K318;K319;K311;K3111;K3112;K3113;K3114;K3115;K3116;K3117;K3118;L341;L351;L361;L371;L383;L396;L43;L411;L412;L431;L441
1;ROCAFUERTE;1;1;1;4;3;1;1;1;1;2;4;1;4;2;1;1;4;1;4;4;1;1;1;1;1;1;2;1;4;1;1;4;4;4;1;1;1;2;4;1;4;1;1;1;4;1;4;4;4;4;4;4;4;4;1;4;4;2;2;2;1;1;4;4;4;4;4;4;4;4;1;4;4;4;4;4;3;4;5;5;5;5;5;5;3;4;3;2;1;4;2;4;4;1;2;5;5;1;3;1;1;1;1;2;4;44;1;1;1;2;2;1;4;2;2;4;4;4;1;1;1;1;1;1;1;1;1;1;1;1;4;2;4;1;1;5;5;5;5;5;5;1;1;1;2;2;3;5;5;1;1;1;1;2;1;1;2;1;1;2;2;1;3;3;1;1;2;4;1;4;2;8;2;2;2;2;2;2;2;2;2;2;2;2;4;4;4;4;4;4;4;4;4;4;4;4;3;4;4;4;4;4;1;1;2;;3;6;3;1;;1;1
2;SUCRE;1;1;1;4;2;1;1;1;1;1;1;1;1;1;1;1;4;2;1;4;1;2;2;1;1;2;2;1;4;1;1;4;1;4;1;1;2;2;4;1;4;1;1;1;4;1;4;4;4;4;4;4;4;4;1;4;4;2;2;2;1;1;4;4;4;4;4;4;4;4;1;1;4;4;4;4;5;5;5;5;5;5;5;5;3;2;4;4;1;4;2;5;5;1;1;5;5;1;2;1;1;1;1;4;5;44;1;1;1;2;2;1;4;4;2;4;4;4;1;1;1;1;1;1;1;1;1;1;1;1;4;2;4;1;1;5;5;5;5;5;5;2;2;1;2;4;4;5;5;1;1;1;1;2;1;1;1;1;1;2;2;2;2;2;1;1;2;4;1;4;2;1;2;2;2;2;2;2;2;2;2;1;2;1;4;4;4;4;4;4;4;4;4;4;4;4;4;4;4;4;4;4;1;1;2;;2;6;2;;;1;1
3;SUCRE;1;1;1;4;2;2;1;1;1;2;1;1;2;2;1;1;1;1;4;4;1;1;1;1;1;1;2;1;1;1;1;1;1;1;1;1;2;2;2;1;2;2;1;1;4;1;4;1;4;4;4;4;4;4;1;4;4;2;2;2;1;1;4;4;4;4;4;4;4;4;1;1;4;4;4;4;2;2;5;5;5;5;5;5;1;2;3;1;1;4;1;4;4;1;1;3;5;1;4;1;1;1;1;2;3;44;1;1;1;2;2;1;4;2;2;3;3;3;1;2;1;1;2;1;1;2;2;1;2;1;4;2;2;1;1;5;5;5;5;5;5;1;1;1;2;3;3;5;5;1;1;1;1;1;1;1;2;1;1;1;2;2;2;3;1;1;2;4;1;2;2;11;2;2;2;2;2;2;2;2;2;2;2;2;4;4;4;4;4;4;4;4;4;4;4;4;4;4;4;4;4;4;1;1;2;;3;6;3;1;;1;1
4;SUCRE;1;1;1;4;2;1;1;1;1;1;1;1;1;1;1;1;4;1;4;4;1;1;1;1;1;1;2;1;1;1;1;4;1;4;1;1;2;2;2;1;2;1;1;1;4;1;4;1;4;4;4;4;4;4;1;4;4;2;2;2;1;4;4;4;4;1;4;4;4;4;4;4;4;4;4;4;2;2;4;5;5;5;5;5;2;1;3;2;1;3;1;4;4;1;1;5;5;1;2;1;1;1;1;2;3;48;1;1;1;1;4;1;2;2;2;3;3;3;1;1;1;1;1;1;1;1;1;1;1;1;4;2;2;1;1;5;5;5;5;5;5;2;1;1;2;4;4;5;5;1;1;1;1;1;1;1;2;2;1;1;2;2;2;3;1;1;2;4;2;2;3;8;2;2;2;2;2;2;2;2;2;2;1;2;4;4;4;4;4;4;4;4;4;4;4;4;4;4;3;4;4;4;1;1;2;;3;6;3;;;1;1
5;ROCAFUERTE;1;1;1;1;1;1;1;1;1;1;4;1;2;1;2;1;1;1;1;3;1;1;1;1;1;1;2;1;1;1;1;4;2;1;4;1;2;2;1;1;3;2;1;1;1;1;4;4;4;4;4;1;4;4;1;1;4;2;2;2;1;4;1;4;4;1;4;1;4;5;5;5;5;5;5;5;5;5;5;5;5;5;5;5;1;1;1;1;1;1;3;4;5;5;1;1;1;1;3;1;1;1;1;2;1;45;1;1;1;1;1;1;3;3;2;5;4;5;1;1;1;1;1;1;1;1;1;1;1;1;4;1;3;1;1;5;5;5;5;5;5;1;1;3;1;2;1;5;5;4;1;1;1;1;1;1;1;1;1;1;1;1;1;1;1;1;1;5;1;4;2;15;1;1;2;2;3;3;3;3;2;3;2;3;4;4;4;4;4;2;1;4;4;4;4;3;1;4;4;4;4;2;1;1;2;;3;6;3;;;1;2
6;SUCRE;1;1;4;4;1;1;1;1;1;1;2;1;3;1;1;1;2;2;1;4;1;1;1;1;1;1;2;1;1;1;1;4;3;2;3;2;2;2;2;1;2;1;1;1;2;2;4;4;4;4;4;5;5;5;5;5;5;5;5;5;1;5;5;5;5;1;4;5;5;5;5;5;5;5;5;5;1;1;4;5;5;5;5;5;1;4;4;1;1;4;5;1;1;5;1;1;1;1;2;1;1;1;1;3;3;52;2;2;2;2;3;1;3;2;1;1;3;3;1;1;1;1;1;1;1;1;1;1;1;1;4;2;4;1;1;5;5;5;5;5;5;1;1;1;1;1;2;5;5;5;1;1;2;1;1;5;1;1;1;1;2;1;2;1;1;1;2;4;1;4;2;12;1;1;1;1;2;2;3;2;2;2;2;2;5;5;5;5;5;5;2;5;5;5;5;2;2;4;5;2;5;5;2;1;2;;3;6;3;;;1;1
7;ROCAFUERTE;2;1;1;5;1;2;1;1;1;1;1;1;3;2;2;1;1;1;2;2;1;2;2;2;2;2;2;1;4;1;1;1;2;1;1;1;2;2;2;1;4;1;1;1;5;2;5;5;5;2;5;5;5;5;1;5;5;2;2;2;1;5;5;5;5;1;5;5;5;5;5;5;5;5;5;5;5;5;5;5;5;5;5;5;2;1;3;1;1;3;4;5;5;1;1;5;1;1;3;1;1;1;1;3;4;48;1;1;1;1;2;1;3;3;1;3;4;4;1;1;1;1;1;1;1;2;3;1;2;2;4;3;4;1;1;5;5;5;5;5;5;1;1;1;1;2;3;5;5;2;1;1;1;1;1;1;2;1;1;1;1;2;2;1;1;1;2;4;1;4;3;12;2;2;1;1;2;1;2;2;2;2;1;2;5;5;5;5;5;5;5;5;5;5;5;5;1;3;5;5;5;5;1;1;2;;3;6;3;1;;1;1
8;ROCAFUERTE;1;1;1;5;2;2;1;1;1;1;4;1;3;1;1;1;1;3;3;3;1;2;2;2;2;2;2;1;1;1;1;1;4;1;1;1;1;2;2;2;4;2;1;1;5;1;5;5;5;5;5;5;5;5;1;1;5;2;2;2;1;5;5;5;5;1;5;5;5;5;5;5;5;5;5;5;3;3;5;5;5;5;5;5;2;3;3;1;1;5;4;4;3;1;1;5;2;1;3;1;1;1;1;3;3;47;1;2;2;2;2;1;3;3;2;3;3;3;1;1;1;1;1;1;1;2;3;1;2;2;4;3;4;2;1;5;5;5;5;5;5;1;1;1;1;1;4;5;5;1;1;1;1;1;1;1;1;1;1;1;2;2;2;1;1;1;3;3;1;4;2;8;2;2;1;1;2;2;2;2;2;2;2;2;5;5;5;5;5;5;5;5;5;5;5;5;1;3;5;5;5;5;1;1;2;;3;6;3;;;1;1
9;SUCRE;1;2;1;3;3;1;1;1;1;2;2;1;1;1;1;1;2;1;2;2;2;1;1;1;1;1;2;1;1;1;1;1;1;1;1;1;2;2;1;1;2;1;1;1;1;1;5;5;5;5;5;5;5;5;5;5;5;5;5;5;1;5;5;5;5;1;5;5;5;5;5;5;5;5;5;5;5;5;5;5;5;5;5;5;2;3;2;3;1;3;4;5;5;1;1;5;3;1;5;1;1;1;1;2;3;5;1;1;1;1;3;1;2;3;2;3;3;3;1;1;1;1;1;1;1;2;2;1;2;1;3;4;5;1;1;5;5;5;5;5;5;1;1;1;1;5;4;5;5;1;1;1;2;2;1;1;2;2;2;2;1;1;2;2;1;1;4;3;1;2;2;9;2;2;2;2;2;2;2;2;2;2;2;2;5;5;5;5;5;5;2;5;5;5;5;5;1;4;5;5;5;5;1;1;2;;3;6;3;;;1;2
1;SUCRE;2;2;1;5;2;2;2;2;1;2;5;1;2;1;1;1;2;2;3;3;2;2;2;2;2;2;2;1;4;1;1;4;1;4;2;2;2;2;2;1;2;2;1;1;5;2;2;5;5;5;5;5;5;5;1;5;5;2;2;2;1;1;5;5;5;5;5;5;5;4;1;4;1;4;4;4;5;5;5;5;5;5;5;5;2;1;3;3;1;4;2;5;5;1;1;5;5;1;3;1;1;1;1;3;3;45;1;1;1;1;2;1;3;4;2;3;4;4;1;1;1;1;1;1;2;3;3;1;2;1;5;4;4;2;2;5;5;5;5;5;5;1;1;1;1;4;4;5;5;2;1;1;1;2;2;1;2;2;2;2;2;2;2;2;1;1;4;4;1;4;2;11;3;3;2;2;2;2;3;2;2;2;2;2;5;5;5;5;5;5;5;5;5;5;5;5;1;4;5;5;5;5;1;1;2;;2;6;3;;;1;1
11;ROCAFUERTE;1;1;1;4;2;2;1;1;1;2;5;2;2;2;2;2;2;2;4;4;2;2;1;1;1;2;2;1;2;1;1;1;1;1;1;1;2;2;2;1;4;1;1;1;2;2;2;5;5;2;5;5;5;5;2;2;5;2;2;2;1;5;5;5;5;5;1;5;5;5;1;1;1;5;5;5;2;2;5;5;5;5;5;5;2;1;2;2;1;4;4;3;3;1;1;1;1;1;4;1;1;1;2;3;3;48;1;2;2;1;3;1;3;3;2;3;4;4;2;1;2;1;2;2;1;2;2;1;2;2;4;4;4;1;1;5;5;5;5;5;5;1;1;1;1;3;3;5;5;1;2;2;2;2;1;1;2;1;1;2;2;2;2;3;1;1;3;3;1;3;2;26;2;2;2;2;2;2;2;2;2;2;2;2;5;5;5;5;5;5;1;5;5;5;5;5;1;5;5;5;5;5;1;1;2;;3;6;3;2;;1;2
12;ROCAFUERTE;1;1;1;3;2;1;1;1;1;1;5;1;1;1;1;1;3;3;2;3;2;2;2;2;2;2;2;1;4;1;1;1;4;1;1;1;2;2;1;2;3;2;2;1;5;1;5;5;5;1;5;5;5;5;1;5;5;1;1;2;1;5;5;5;5;1;5;5;5;5;5;5;5;5;5;5;2;2;5;5;5;5;5;5;2;1;2;2;1;4;3;4;3;1;1;3;2;1;3;1;1;1;1;2;3;46;1;2;2;1;3;1;3;2;1;3;3;3;1;1;1;1;1;1;1;2;2;1;1;1;4;5;5;1;1;5;5;5;5;5;5;1;1;1;1;4;4;5;5;5;1;1;1;2;1;1;2;2;1;2;2;2;3;3;1;1;1;4;1;5;2;18;1;1;1;1;2;2;2;2;1;2;1;2;5;5;5;5;5;5;5;5;5;5;5;5;1;5;5;5;5;5;1;1;2;;3;6;3;;1;1;1
13;ROCAFUERTE;1;1;1;3;2;1;1;1;1;2;5;1;1;1;1;1;2;2;3;3;2;1;1;1;1;1;2;1;4;1;1;4;1;3;1;1;2;2;4;1;3;1;1;1;2;2;5;5;5;2;5;5;5;5;5;1;5;2;2;2;5;5;5;5;5;1;5;5;5;5;5;5;5;5;5;5;2;2;5;5;5;5;5;5;2;2;3;3;1;3;1;4;4;1;1;5;1;1;4;1;1;1;1;3;4;48;1;2;2;2;1;1;1;3;2;3;3;3;1;1;1;1;1;1;1;3;2;1;1;1;5;2;2;1;1;5;5;5;5;5;5;1;1;1;1;2;3;5;5;1;1;1;1;1;1;1;2;1;1;2;3;2;3;3;1;1;4;3;1;4;2;15;2;2;2;2;2;2;2;2;2;2;2;2;5;5;5;5;5;5;5;5;4;5;5;5;2;5;5;5;5;5;1;1;2;;3;6;3;2;;1;1
14;ROCAFUERTE;2;1;1;5;2;1;1;1;1;2;4;1;3;1;1;1;2;2;4;4;2;1;1;1;1;1;2;1;1;1;1;1;1;1;1;1;2;2;3;2;3;2;1;2;5;2;5;5;5;5;5;5;5;5;1;5;5;2;2;2;1;5;5;5;5;1;5;5;5;5;5;5;5;5;5;5;5;5;5;5;5;5;5;5;2;2;3;1;1;3;2;5;5;1;1;5;5;1;3;1;1;1;2;3;3;5;1;2;2;1;3;1;3;3;2;3;3;3;1;1;1;1;1;1;1;1;1;1;1;1;5;4;4;2;2;5;5;5;5;5;5;1;1;1;1;4;4;5;5;1;1;1;1;2;2;2;2;2;3;2;2;2;2;3;2;1;4;4;1;4;2;11;2;2;2;2;2;2;2;2;1;2;1;2;5;5;5;5;5;5;5;5;5;5;5;5;2;5;5;5;5;5;1;1;2;;3;6;3;;1;1;1
15;SUCRE;1;1;1;1;1;1;1;1;1;1;1;1;1;1;1;1;1;1;2;1;1;1;1;1;1;1;2;1;1;1;1;1;1;1;1;1;1;2;1;1;1;1;1;1;1;1;1;1;1;1;1;5;5;5;1;1;5;1;1;1;1;1;5;5;5;5;5;1;1;1;1;1;1;1;1;1;4;4;4;4;4;5;5;5;5;1;4;1;4;4;4;1;1;5;5;5;5;1;1;1;1;1;1;4;4;5;1;1;1;1;1;1;1;5;4;4;5;5;1;1;1;1;1;1;1;1;1;1;1;1;5;1;4;1;1;5;5;5;5;4;5;4;4;1;1;1;1;5;5;5;1;1;1;1;1;1;1;1;1;1;1;1;1;1;1;1;1;5;1;5;2;12;2;2;1;1;2;2;1;1;1;1;1;1;5;5;5;5;5;5;5;5;5;5;5;5;5;5;5;5;5;5;1;1;2;;3;6;1;;;1;1
16;SUCRE;1;1;1;4;1;1;1;1;1;1;4;1;1;1;1;1;2;3;1;4;1;1;1;1;1;2;2;1;1;1;2;4;4;1;1;2;2;2;2;2;2;1;1;1;1;1;4;4;4;4;4;2;4;2;5;5;5;5;5;5;1;4;4;4;1;1;4;4;4;5;5;5;5;5;5;5;2;2;5;5;5;5;5;5;1;1;1;1;1;2;4;1;4;4;1;1;1;1;2;1;1;1;1;1;2;44;1;1;1;1;3;2;4;2;1;3;3;4;1;1;1;1;1;1;2;1;1;2;1;1;5;2;4;1;1;5;5;5;5;5;5;1;1;1;1;1;1;5;5;2;1;1;1;1;1;1;1;1;1;1;1;1;2;1;1;1;3;5;1;4;2;12;1;1;2;2;2;2;3;2;1;2;2;2;5;5;5;5;5;2;5;5;2;5;5;5;2;2;5;5;5;5;1;1;2;;3;6;3;;;1;2
17;PORTOVIEJO;1;1;1;5;2;1;1;1;1;5;1;1;1;1;1;1;1;3;1;4;1;1;1;1;1;1;2;1;1;1;1;4;4;1;1;1;2;2;1;1;1;1;1;1;1;1;4;4;4;1;4;5;5;5;5;5;5;5;5;5;1;5;5;5;5;1;5;5;5;5;5;5;5;5;5;5;5;5;5;5;5;5;5;5;2;2;2;2;1;2;1;1;4;4;1;4;1;1;4;1;1;1;1;3;3;45;1;1;1;1;1;1;4;3;2;3;4;4;1;1;1;1;1;1;1;1;1;1;1;1;5;2;2;1;1;5;5;5;5;5;5;1;1;1;1;3;2;5;5;5;1;1;1;1;1;1;1;1;1;1;1;1;1;1;1;1;2;5;1;4;1;12;1;1;1;1;1;1;1;1;1;1;1;1;5;5;5;5;5;5;5;5;5;5;5;2;5;5;5;5;5;5;1;1;2;;4;3;7;;;1;4
18;PORTOVIEJO;1;1;1;1;1;1;1;1;1;1;1;2;4;1;1;1;2;4;4;4;2;1;1;1;3;1;2;1;1;1;1;1;4;1;3;1;1;2;1;1;1;2;1;1;1;1;4;4;4;4;4;5;5;5;5;5;5;5;5;5;1;4;4;4;4;1;4;4;4;5;5;5;5;5;5;5;5;5;5;5;5;5;5;5;2;2;2;4;1;2;4;5;5;1;1;4;5;1;3;1;1;1;2;1;1;48;1;1;1;1;2;2;3;2;2;2;4;4;1;1;1;1;1;1;1;1;1;1;1;1;4;2;3;1;1;5;5;5;5;5;5;1;1;2;1;4;4;5;5;2;1;1;1;1;1;1;2;2;1;1;2;1;1;1;1;1;2;4;2;4;2;9;1;1;2;2;1;1;3;2;1;2;1;1;5;5;5;5;5;5;2;5;5;5;5;5;2;5;5;5;5;5;2;1;2;;3;6;3;1;;1;1
19;PORTOVIEJO;1;1;1;4;1;1;1;1;1;1;4;1;1;1;1;1;2;4;1;4;1;1;1;1;2;2;2;2;2;2;2;2;2;2;2;2;2;2;1;1;1;2;1;1;5;2;5;5;5;1;5;5;5;5;5;5;5;5;5;5;1;5;5;5;5;1;5;5;5;5;5;5;5;5;5;5;4;5;5;5;5;5;5;5;2;1;2;2;1;3;1;2;4;1;1;4;2;1;3;1;1;1;1;3;4;48;1;1;1;1;4;2;2;3;2;3;3;3;1;1;1;1;1;1;1;1;1;1;1;1;5;4;4;1;1;5;5;5;5;5;5;1;1;2;1;4;3;5;5;1;1;1;1;1;1;1;1;1;1;1;1;1;2;1;1;1;2;1;1;5;3;21;1;1;2;2;1;1;3;2;3;2;1;1;5;5;5;5;5;5;2;5;5;5;2;5;2;5;5;5;5;5;2;1;2;;3;6;3;15;;1;4
2;PORTOVIEJO;1;1;1;4;1;1;1;1;1;1;1;2;2;1;1;1;2;2;2;2;2;2;2;2;1;1;2;2;2;2;4;4;2;2;2;1;1;2;1;1;1;1;1;1;1;1;1;1;1;1;1;4;4;4;1;1;4;1;1;1;1;1;1;4;4;4;4;1;4;1;1;1;1;1;1;1;4;4;4;4;4;4;2;4;4;4;4;4;1;4;1;2;4;4;2;2;2;1;1;2;1;1;1;4;4;48;2;2;2;2;2;1;4;4;4;4;4;4;1;1;1;1;1;1;1;1;1;1;1;1;4;1;4;1;1;4;4;4;4;4;4;2;2;2;2;2;2;4;4;4;1;1;1;1;1;5;1;1;1;2;1;1;2;1;1;1;2;1;2;2;2;8;2;2;2;2;2;2;2;2;2;2;2;2;2;4;4;4;4;4;4;4;4;4;4;4;4;4;4;4;4;4;2;1;2;;4;5;9;1;;1;1
21;PORTOVIEJO;1;1;1;1;1;1;1;1;1;1;2;2;4;1;1;1;1;4;5;5;1;1;1;1;2;2;2;1;1;1;1;5;5;5;5;1;1;1;;;;;;;1;1;5;2;5;5;5;5;5;5;5;5;5;5;5;5;1;1;5;5;5;1;5;5;5;5;5;5;5;5;5;5;5;5;5;5;5;5;5;5;1;5;3;5;1;3;1;5;5;1;1;5;5;1;1;1;1;1;2;3;3;48;1;1;1;1;1;2;3;3;2;3;4;4;1;1;1;1;1;1;1;1;1;1;2;1;4;2;4;1;1;5;5;5;5;5;5;1;2;2;1;4;3;5;5;1;1;1;1;1;1;1;1;1;1;1;1;1;2;1;1;1;2;4;2;5;1;12;1;1;2;2;1;1;3;2;3;2;2;2;5;5;5;5;5;5;5;5;5;5;5;2;2;5;5;5;5;5;2;1;2;;4;5;9;;1;1;3
22;PORTOVIEJO;1;1;1;4;1;1;1;1;1;1;1;1;2;1;1;1;4;4;1;4;1;1;1;1;2;1;2;1;1;1;1;2;2;2;1;1;1;2;1;2;1;2;2;2;1;1;5;5;5;1;5;5;5;5;5;5;5;5;5;5;1;5;5;5;5;1;5;5;5;5;5;5;5;5;5;5;5;5;5;5;5;5;5;5;2;2;2;3;1;3;3;2;5;2;1;4;4;1;1;1;1;1;1;3;3;48;1;1;1;1;1;2;3;2;1;2;3;3;1;1;2;2;1;1;2;2;2;2;2;2;4;2;4;1;1;5;5;5;5;5;5;1;1;1;1;1;1;5;5;1;1;1;1;1;1;1;1;1;1;1;1;1;2;1;1;1;1;5;1;1;2;6;1;1;2;2;1;2;3;3;1;3;2;2;5;5;5;5;5;5;5;5;5;5;5;5;2;5;5;5;5;5;2;1;2;;5;6;6;2;;1;2
23;PORTOVIEJO;1;1;1;1;1;1;1;1;1;1;4;1;1;1;1;1;1;1;1;4;1;1;1;1;1;1;2;1;1;1;2;4;1;4;1;1;1;2;1;1;1;1;1;1;1;2;4;4;4;2;4;1;4;4;1;1;4;1;1;1;1;1;1;1;4;1;4;1;4;1;1;1;1;1;1;1;5;5;5;5;5;5;5;5;5;5;2;4;5;5;5;3;1;5;4;1;3;1;1;1;1;1;1;4;5;56;1;1;1;3;1;1;1;3;5;5;5;5;1;1;1;1;1;1;1;1;1;1;1;1;5;1;2;2;1;5;5;5;5;5;5;1;1;3;2;2;1;3;3;2;1;4;4;1;1;1;1;1;1;1;1;1;1;1;1;1;5;5;1;4;2;1;1;1;1;1;2;2;3;3;2;2;2;2;5;5;5;5;5;5;2;5;5;5;5;5;3;5;5;4;5;5;2;1;2;;4;1;7;1;;1;1
24;ROCAFUERTE;1;1;1;4;1;2;1;1;1;2;1;1;2;1;1;1;2;3;3;4;2;1;1;2;2;2;2;1;4;1;1;1;1;1;1;1;1;2;2;2;4;1;1;1;5;2;5;5;5;5;5;5;5;5;5;5;5;5;5;5;1;5;5;5;5;1;5;5;5;5;5;5;5;5;5;5;5;5;5;5;5;5;5;5;3;1;3;3;1;4;3;5;5;5;1;5;5;1;3;1;1;1;1;3;1;48;1;1;1;1;1;1;3;3;2;3;3;3;1;1;1;1;1;1;2;2;2;1;1;1;3;4;3;1;1;5;5;5;5;5;5;1;1;1;1;3;3;5;5;5;1;1;1;1;1;1;1;1;1;2;2;2;2;2;1;1;2;4;1;4;2;15;2;2;2;2;3;2;3;3;1;2;2;2;5;5;5;5;5;5;3;5;5;5;5;5;2;5;5;5;5;5;1;1;2;;3;6;1;;;1;1
25;ROCAFUERTE;1;1;2;5;1;4;1;1;1;1;4;2;4;2;2;1;4;4;1;4;1;1;1;1;1;1;2;1;4;1;1;4;4;4;1;1;2;1;;;;;;;2;1;5;5;5;5;5;5;5;5;5;5;5;5;5;5;1;4;4;4;4;4;4;4;4;4;1;3;1;2;1;1;5;5;5;5;5;5;5;5;3;1;3;3;1;5;1;5;5;5;1;5;2;1;4;1;1;1;1;4;5;56;2;2;2;2;3;2;3;3;2;3;4;3;1;1;1;1;1;1;1;2;2;1;1;1;4;3;3;3;1;5;5;5;5;5;5;1;1;1;1;4;4;5;5;5;1;1;1;2;2;5;2;1;1;2;2;2;2;1;2;1;3;4;1;4;1;16;2;2;2;2;2;2;3;3;3;2;2;2;5;5;5;5;5;5;5;5;5;5;5;5;1;3;5;5;5;5;1;1;2;;2;6;1;;;1;1
26;ROCAFUERTE;2;1;1;5;2;1;1;2;1;1;2;1;4;1;1;1;1;1;1;4;1;1;1;1;1;1;2;1;1;1;1;1;2;1;2;1;1;2;1;1;1;2;1;1;2;2;5;5;5;5;5;5;5;5;5;5;5;5;5;5;1;1;5;5;5;1;5;5;5;5;5;5;5;5;5;5;4;5;5;5;5;5;5;5;1;1;1;1;1;3;1;2;3;1;1;1;1;1;4;1;1;1;2;2;2;5;1;1;1;1;3;2;3;3;1;3;3;3;1;1;1;1;1;1;2;2;2;1;1;1;5;4;4;1;1;5;5;5;5;5;5;1;1;2;1;2;2;5;5;1;1;1;2;1;1;1;1;1;1;1;1;1;2;1;2;1;2;4;2;4;2;15;1;1;1;1;2;2;2;2;1;1;1;2;5;5;5;5;5;5;2;5;5;5;5;5;5;5;5;2;5;5;2;1;2;;3;6;3;1;;1;2
27;SUCRE;1;1;1;1;1;1;1;1;1;1;1;1;1;1;1;1;1;1;1;1;1;1;1;1;1;1;2;1;1;1;1;1;1;1;1;1;1;2;1;1;1;1;1;1;1;1;1;1;1;1;1;4;4;4;1;1;1;1;1;1;1;1;4;4;4;4;4;1;4;1;1;1;1;1;1;1;2;2;2;2;4;4;2;4;2;2;2;2;2;4;2;2;2;4;2;2;4;1;1;1;1;1;1;4;4;5;2;2;2;2;2;1;4;4;4;4;4;4;1;1;1;1;1;1;1;1;1;1;1;1;4;1;4;1;1;5;5;5;5;4;5;2;2;2;2;2;2;4;4;4;1;1;1;1;1;1;1;1;1;1;1;1;1;1;1;1;1;4;1;4;2;14;2;2;1;1;2;2;1;1;1;1;1;1;2;4;4;4;4;4;4;4;4;4;4;4;4;4;4;4;4;4;1;1;2;;3;6;3;;;1;1
28;ROCAFUERTE;1;1;1;1;1;1;1;1;1;1;1;1;1;1;1;1;1;1;1;1;1;1;1;1;1;1;2;1;1;1;1;4;1;1;1;1;1;2;1;1;1;1;1;1;1;1;1;1;1;1;1;5;5;5;1;1;1;1;1;1;1;1;5;5;5;5;5;1;5;1;1;1;1;1;1;1;5;5;4;5;5;5;5;5;2;2;4;2;2;4;5;2;4;5;5;5;2;1;1;1;1;1;1;4;4;6;4;1;1;5;1;1;4;2;2;4;4;4;1;1;1;1;1;1;1;1;1;1;1;1;4;1;4;1;1;5;5;5;5;5;5;4;4;1;1;1;1;4;4;4;1;1;1;1;1;1;1;1;1;1;1;1;1;1;1;1;1;5;1;5;2;15;2;2;1;1;2;2;1;1;1;1;1;1;2;5;5;5;5;5;5;5;5;5;5;5;5;5;5;5;5;5;1;1;2;;3;6;3;1;;1;1
29;SUCRE;1;1;1;1;1;1;1;1;1;1;1;1;1;1;1;1;1;1;1;1;1;1;1;1;1;1;2;1;1;1;1;1;4;1;1;1;1;2;1;1;1;1;1;1;1;1;1;1;1;1;1;4;4;4;1;1;1;1;1;1;1;1;4;4;4;4;4;1;4;1;1;1;1;1;1;1;4;4;4;4;4;4;4;4;2;2;4;2;2;4;4;2;4;5;5;5;2;1;1;1;1;1;1;4;4;64;2;2;2;2;2;1;4;4;4;4;4;4;1;1;1;1;1;1;1;1;1;1;1;1;4;1;1;1;1;5;5;5;5;5;5;4;4;1;1;1;1;4;4;4;1;1;1;1;1;1;1;1;1;1;1;1;1;1;1;1;1;4;1;4;2;1;2;2;1;1;2;2;1;1;1;1;1;1;2;5;5;5;5;5;5;5;5;5;5;5;5;5;5;5;5;5;1;1;2;;3;6;3;;;1;2
3;SUCRE;1;1;1;1;1;1;1;1;1;1;1;1;1;1;1;1;1;1;1;1;1;1;1;1;1;1;2;1;1;1;1;4;1;1;1;1;1;2;1;1;1;1;1;1;1;2;1;1;1;1;1;5;5;5;1;1;5;1;1;1;1;1;5;4;5;5;5;1;1;1;1;1;1;1;1;1;2;4;2;4;4;4;4;4;4;1;4;4;4;4;5;2;2;5;4;4;2;1;1;1;1;1;1;2;4;5;1;1;1;1;1;1;5;5;4;4;4;4;1;1;1;1;1;1;1;1;1;1;1;1;5;1;4;1;1;5;5;5;5;5;5;4;2;1;1;1;1;4;4;4;1;1;1;1;1;1;1;1;1;1;1;1;1;1;1;1;1;1;1;2;2;1;2;2;1;1;2;2;1;1;1;1;1;1;2;4;4;4;4;4;4;4;4;4;4;4;4;4;4;4;4;4;1;1;2;;3;6;3;;;1;1
31;SUCRE;1;1;1;1;1;1;1;1;1;1;1;1;2;1;1;1;1;1;2;2;1;1;2;1;1;1;2;1;1;1;1;2;1;1;1;1;1;2;1;1;1;1;1;1;2;1;1;1;1;2;1;5;5;5;1;5;1;1;1;1;1;1;5;2;5;5;4;2;5;1;1;1;1;1;1;1;5;5;4;5;3;3;5;4;4;4;2;2;1;4;2;2;4;5;5;5;5;1;1;1;1;1;1;3;4;66;1;1;1;4;1;1;1;3;2;3;5;5;1;1;1;1;1;1;1;1;1;1;1;1;5;1;4;1;1;5;5;5;5;5;5;2;2;1;1;1;1;4;4;4;1;1;1;1;1;1;1;1;1;1;1;1;1;1;1;1;1;5;1;4;2;12;2;2;1;1;2;2;1;1;1;1;1;1;2;4;4;5;5;5;5;5;5;5;5;5;5;5;5;5;5;5;1;1;2;;4;6;1;;;1;1
32;ROCAFUERTE;1;1;1;1;1;1;1;1;1;1;1;1;1;1;1;1;1;1;1;1;1;1;1;1;1;1;2;1;1;1;1;5;1;1;1;1;1;2;1;1;1;1;1;1;1;1;1;1;1;1;1;5;5;5;2;2;2;1;1;1;1;1;5;5;5;2;5;5;5;1;1;1;1;1;1;1;1;1;1;2;2;2;4;4;1;1;1;1;1;2;5;1;1;2;4;1;2;1;1;1;1;1;1;2;2;48;1;1;1;4;1;1;1;4;2;4;4;4;1;1;1;1;1;1;1;1;1;1;1;1;5;1;4;1;1;5;5;5;5;5;5;2;2;1;1;1;1;4;4;4;1;1;1;1;1;1;1;1;1;1;1;1;1;1;1;1;1;5;1;5;2;1;2;2;1;1;2;2;1;1;1;1;1;1;2;4;4;5;5;5;5;5;5;5;5;5;5;5;5;5;5;5;1;1;2;;3;6;3;;;1;1
33;SUCRE;1;1;1;1;1;1;1;1;1;1;1;1;1;1;1;1;1;1;1;1;1;1;1;1;1;1;2;1;1;1;1;4;1;1;1;1;1;2;1;1;1;1;1;1;5;1;5;4;1;5;1;5;5;5;1;5;1;1;1;1;1;1;2;5;5;5;5;1;5;1;1;1;1;1;1;1;5;5;5;5;5;5;5;5;2;5;5;2;1;2;2;2;2;5;4;5;5;1;1;1;1;1;1;1;1;5;1;1;1;4;1;1;1;2;2;4;5;5;1;1;1;1;1;1;1;1;1;1;1;1;5;1;4;1;1;5;5;5;5;5;5;2;2;1;1;1;1;4;4;4;1;1;1;1;1;1;1;1;1;1;1;1;1;1;1;1;1;5;1;4;2;16;2;2;1;1;2;2;1;1;1;1;1;1;2;4;4;5;5;5;5;5;5;5;5;5;5;5;5;5;5;5;2;1;2;;4;6;5;;;1;1
34;SUCRE;1;1;1;4;1;1;1;1;1;1;1;1;4;1;1;1;1;1;2;2;1;1;1;1;1;1;2;1;1;1;1;1;1;1;1;1;2;2;4;1;4;1;1;1;1;1;1;4;4;1;4;5;5;5;2;5;5;2;2;2;1;1;5;5;5;1;5;5;5;5;5;5;5;5;5;5;5;5;5;5;5;5;5;5;3;2;3;4;1;3;2;5;5;2;1;5;5;1;3;1;1;1;1;3;3;48;1;1;1;1;3;1;3;2;2;3;4;4;1;1;1;1;1;1;1;2;2;1;1;1;4;2;4;1;1;5;5;5;5;5;5;1;1;1;1;3;3;5;5;1;1;1;3;1;1;1;2;2;1;2;2;2;2;2;2;4;4;3;2;4;2;12;2;2;2;2;2;2;2;2;2;2;2;2;5;5;5;5;5;5;5;5;5;5;5;5;1;2;5;5;5;5;1;1;2;;3;6;3;;;1;2
35;ROCAFUERTE;1;1;2;2;1;1;1;1;1;1;2;1;4;1;1;1;1;4;1;4;1;2;2;2;2;2;2;1;1;1;1;4;2;4;1;1;2;2;2;2;1;2;2;1;2;2;4;4;4;4;4;5;5;5;5;5;5;5;5;5;2;5;5;5;5;2;5;5;5;5;5;5;5;5;5;5;5;5;5;5;5;5;5;5;2;2;3;3;1;3;2;3;4;1;1;4;3;1;3;1;1;1;2;3;3;48;1;1;1;1;1;2;4;3;2;3;3;3;1;1;2;1;2;1;1;1;1;1;2;2;4;4;4;1;1;5;5;5;5;5;5;1;1;1;1;2;3;5;5;2;1;1;1;1;1;1;1;2;1;1;2;1;2;1;1;1;2;4;1;3;3;16;1;1;2;2;3;2;3;3;1;2;1;2;5;5;5;5;5;5;2;5;5;5;5;5;2;5;5;5;5;5;1;1;2;;4;6;1;2;;1;1
36;ROCAFUERTE;1;1;1;4;1;1;1;1;1;1;1;2;1;1;1;1;1;1;2;2;2;1;1;1;1;1;2;2;2;2;2;4;4;2;2;2;2;2;1;1;1;1;1;1;1;1;1;1;1;1;1;4;4;4;1;1;4;2;2;2;1;1;4;4;4;4;4;4;4;4;1;4;1;1;1;1;2;4;2;4;4;2;4;4;2;2;4;2;2;4;4;2;4;4;2;1;2;1;1;1;1;1;1;4;4;66;2;2;2;4;2;1;4;4;4;4;4;4;1;1;1;1;1;1;1;1;1;1;1;1;4;2;2;2;1;5;5;5;5;5;5;4;2;2;2;2;2;4;4;4;1;1;1;1;1;1;1;1;1;1;1;1;1;1;1;1;1;1;1;2;2;1;2;2;2;2;2;2;2;2;2;2;2;2;4;4;4;4;4;4;4;4;4;4;4;4;4;4;4;4;4;4;1;1;2;;3;6;3;;;1;1
37;PORTOVIEJO;1;1;1;4;1;5;1;1;1;4;1;1;3;1;1;1;4;4;1;4;1;1;1;1;1;1;2;1;1;1;1;2;2;2;1;1;2;2;1;1;1;1;1;1;2;1;4;4;4;4;4;5;5;5;5;5;5;5;5;5;1;1;5;5;5;5;5;5;5;1;1;1;1;2;1;1;5;5;2;2;5;5;5;5;1;1;2;2;1;3;4;1;2;1;1;2;4;1;4;1;1;1;1;2;3;48;1;1;1;1;1;1;2;2;2;3;3;3;1;1;1;1;1;1;1;1;1;1;1;1;3;2;2;1;1;5;5;5;5;5;5;1;1;1;1;2;1;5;5;1;1;1;1;1;1;1;2;2;1;1;2;2;2;1;1;1;1;4;1;3;2;6;1;1;1;1;2;2;2;2;1;1;1;2;3;4;4;4;4;4;4;5;5;5;5;5;5;4;4;4;4;4;2;1;2;;3;2;1;;1;1;1
38;PORTOVIEJO;1;1;1;4;1;1;1;1;1;1;2;2;2;2;2;2;2;2;2;2;2;1;1;1;1;1;1;;;;;;;;;;;1;;;;;;;1;1;4;4;4;4;4;4;4;4;1;2;4;2;2;2;1;4;4;4;4;4;4;4;4;4;1;1;1;1;1;1;5;4;3;4;5;5;5;5;3;5;5;5;1;4;3;4;4;4;4;4;4;1;1;1;1;1;1;3;4;48;2;2;2;2;2;2;4;2;2;4;5;5;1;1;1;1;1;1;1;1;1;1;1;1;5;1;4;1;1;5;5;5;5;5;5;4;1;1;1;1;1;4;4;4;2;1;1;1;1;1;1;1;1;2;2;1;1;1;1;1;1;5;1;4;2;12;2;2;1;1;2;2;1;1;1;2;2;2;3;5;5;5;5;5;4;4;4;4;4;5;5;5;5;4;4;4;2;1;2;;4;6;3;1;;1;2
39;SUCRE;1;1;1;4;1;1;2;1;1;1;1;1;4;1;1;1;2;2;2;4;2;1;1;1;1;1;2;1;1;1;1;3;3;2;3;2;2;2;1;1;1;1;1;1;1;4;4;4;4;4;4;5;5;5;5;5;5;5;5;5;1;4;4;4;4;1;4;4;4;5;5;5;5;5;5;5;4;5;2;5;5;5;5;5;1;1;1;1;1;4;4;2;3;4;1;1;1;1;3;1;1;1;1;3;3;4;2;2;2;3;3;2;3;2;1;2;3;3;1;1;1;1;1;1;1;1;1;1;1;1;5;4;4;1;1;5;5;5;5;5;5;1;1;1;1;1;2;5;5;2;1;1;1;2;1;1;2;1;1;1;2;1;2;1;2;1;2;4;2;4;2;8;2;2;2;2;3;2;3;3;1;2;2;3;5;5;5;5;5;5;2;5;5;5;5;5;1;5;5;2;5;5;2;1;2;;3;6;3;1;;1;1
4;PORTOVIEJO;1;1;1;4;1;1;1;2;1;1;1;1;4;1;2;1;5;1;4;4;1;1;1;1;1;1;2;1;1;1;1;2;2;2;3;1;1;2;1;1;1;1;1;1;2;2;5;5;5;5;5;5;5;5;5;5;5;5;5;5;1;5;5;5;5;1;5;5;5;5;5;5;5;5;5;5;1;2;3;5;5;5;5;5;3;2;2;3;1;1;1;5;5;1;1;1;1;1;2;1;1;1;1;3;1;48;1;1;1;1;1;2;3;1;1;4;4;3;1;1;1;1;1;1;1;1;1;1;1;1;4;2;4;1;1;5;5;5;5;5;5;1;1;2;1;3;2;5;5;1;1;1;1;1;1;1;1;1;1;1;1;1;3;1;1;1;1;5;1;5;2;22;1;1;2;2;1;1;3;1;3;2;1;1;5;5;5;5;5;5;2;5;5;5;2;2;2;5;5;5;5;5;1;1;2;;3;5;3;;1;1;2
41;ROCAFUERTE;1;2;2;2;2;2;2;2;2;2;2;2;2;2;2;2;2;2;2;2;2;2;1;2;1;1;2;1;2;2;2;4;4;2;1;2;2;2;1;1;1;1;1;1;2;2;2;2;2;2;2;2;2;4;1;4;4;1;4;1;1;1;2;2;2;2;2;2;2;4;4;4;4;4;4;4;4;4;4;4;4;4;4;4;2;2;2;2;2;2;4;2;2;2;2;2;2;1;1;1;1;1;1;1;1;56;2;2;2;2;2;2;2;1;3;3;3;3;1;1;1;1;1;1;2;2;2;2;2;2;2;2;2;2;2;5;5;4;5;2;5;1;1;1;1;1;1;4;4;4;1;1;1;2;2;2;2;2;2;2;2;2;2;2;1;1;1;1;1;1;1;8;2;2;2;2;2;2;2;2;2;2;2;2;1;4;4;4;4;4;4;4;4;4;4;4;4;4;4;4;4;4;1;1;2;;3;6;3;;;1;2
42;SUCRE;2;1;1;4;2;3;1;1;1;1;1;1;3;1;1;1;2;1;3;3;1;2;2;2;3;2;2;1;1;1;1;1;1;1;1;1;2;2;2;1;1;1;1;1;4;2;4;4;4;4;4;5;5;5;5;5;5;5;5;5;2;5;5;5;5;1;5;5;5;5;5;5;5;5;5;5;2;2;5;5;5;5;5;5;1;1;1;2;1;4;3;3;3;1;1;3;2;1;3;1;1;1;1;2;1;5;2;2;2;2;1;1;3;5;4;4;4;5;1;1;1;1;1;1;2;2;2;2;2;2;4;4;4;1;1;5;5;5;5;5;5;1;1;1;1;2;2;5;5;1;1;1;1;1;1;1;1;1;1;1;2;2;2;2;2;1;2;4;1;4;2;16;2;2;2;2;2;2;3;2;3;2;2;2;5;5;5;5;5;5;5;5;5;5;5;5;1;4;5;5;5;5;1;1;2;;2;6;3;2;;1;2
43;SUCRE;1;1;1;4;2;3;1;1;1;1;4;1;3;1;1;1;2;4;4;4;1;2;3;1;2;2;2;2;4;1;1;2;2;2;1;1;2;2;4;1;4;1;1;1;4;2;2;4;4;4;4;5;5;5;5;5;5;5;5;5;1;5;5;5;5;1;5;5;5;5;5;5;5;5;5;5;2;2;5;5;5;5;5;5;2;1;2;3;1;4;1;3;3;1;1;3;3;1;3;1;1;1;1;3;4;48;1;1;1;1;3;1;2;2;2;3;4;3;1;1;1;1;1;1;1;2;2;1;1;2;4;3;4;2;1;5;5;5;5;5;5;1;1;1;2;2;3;5;5;2;1;1;1;1;1;1;1;1;1;2;2;2;2;2;1;1;2;4;1;3;2;12;2;2;2;2;2;2;2;2;2;2;1;2;5;5;5;5;5;5;2;3;5;5;5;5;1;5;5;5;5;5;1;1;2;;3;6;3;1;;1;1
44;SUCRE;2;1;1;5;1;1;1;1;1;1;4;1;4;1;1;1;4;4;1;4;1;1;1;1;1;1;2;1;1;1;1;2;2;2;2;1;2;2;1;1;1;1;1;1;4;2;4;4;4;2;4;5;5;5;5;5;5;5;5;5;1;5;5;5;5;1;5;5;5;5;5;5;5;5;5;5;5;5;5;5;5;5;5;5;3;2;4;2;1;4;1;4;5;1;1;5;5;1;3;1;1;1;1;4;4;5;2;2;2;2;2;4;4;3;2;3;3;3;1;1;1;1;1;1;2;2;3;1;1;1;5;4;4;1;1;5;5;5;5;5;5;1;1;1;1;4;4;5;5;1;1;1;1;2;1;1;2;1;1;1;1;1;2;1;2;1;5;5;1;4;2;12;1;1;1;1;2;2;3;3;1;2;1;2;5;5;5;5;5;5;5;5;5;5;5;5;1;5;5;5;5;5;1;1;2;;2;6;3;1;;1;1
45;ROCAFUERTE;1;1;1;2;1;4;1;1;1;2;4;1;2;1;1;1;3;3;2;4;2;1;1;1;1;1;2;1;1;1;1;4;3;4;2;1;2;2;4;2;4;2;2;1;1;1;5;5;5;5;5;5;5;5;5;5;5;5;5;5;1;5;5;5;5;1;5;5;5;5;5;5;5;5;5;5;5;5;5;5;5;5;5;5;3;4;3;4;1;3;1;5;5;5;1;4;5;1;3;1;1;1;1;4;4;48;1;1;1;1;1;1;3;4;3;3;4;3;1;1;1;1;1;1;2;2;3;1;2;1;5;4;4;1;1;5;5;5;5;5;5;1;1;1;1;4;1;5;5;5;1;1;1;2;2;2;2;2;2;2;2;2;2;1;2;1;2;4;1;4;2;6;3;3;2;2;2;2;3;2;2;2;2;2;4;4;4;4;4;4;2;4;4;4;4;4;1;4;4;4;4;4;2;1;2;;3;6;3;;;1;1
46;ROCAFUERTE;1;1;1;4;2;1;1;1;1;1;1;1;3;1;1;1;1;4;1;4;2;1;1;1;1;1;2;1;3;1;1;1;1;1;1;2;1;2;2;2;3;2;2;2;2;2;4;4;4;4;4;5;5;5;5;5;5;5;5;5;1;1;5;5;5;1;5;5;5;5;5;5;5;5;5;5;5;5;5;5;5;5;5;5;3;3;3;3;1;4;1;5;5;5;1;4;5;1;3;1;1;1;1;3;4;48;1;1;1;1;1;2;2;3;2;4;4;4;1;1;1;1;1;1;2;2;2;1;1;1;5;2;3;1;1;5;5;5;5;5;5;1;1;1;1;3;4;5;5;5;1;1;2;1;1;1;1;1;1;1;1;1;1;1;2;1;2;4;1;4;1;1;1;1;1;1;1;1;3;1;1;1;1;1;5;5;5;5;5;5;5;5;5;5;5;5;1;5;5;5;5;5;2;1;2;;3;6;3;;;2;2
47;ROCAFUERTE;2;2;1;4;2;1;1;1;1;2;4;1;2;1;1;1;4;4;1;4;1;1;1;1;1;1;2;1;1;1;1;1;1;1;1;1;2;2;2;1;2;2;1;2;4;1;4;4;4;4;4;4;4;4;1;4;4;2;2;2;1;4;4;4;4;4;4;4;4;4;1;1;4;4;4;4;5;5;5;5;5;5;5;5;2;2;4;4;1;4;4;5;5;1;1;5;5;1;2;1;1;1;1;4;4;48;1;1;1;2;2;1;4;4;2;3;4;4;1;1;1;1;1;1;1;2;2;1;2;2;4;4;4;1;1;5;5;5;5;5;5;1;1;1;2;4;4;5;5;1;1;1;1;2;1;1;2;2;1;2;2;3;3;3;1;1;1;4;1;4;2;8;2;2;2;2;2;2;2;2;2;2;1;2;4;4;4;4;4;4;4;4;4;4;4;4;4;4;4;4;4;4;2;1;2;;2;6;3;;;1;1
48;SUCRE;2;2;1;3;2;1;1;1;1;1;2;1;2;1;1;1;3;1;3;3;1;1;1;1;1;1;2;1;1;1;1;1;1;1;1;1;2;2;2;2;2;2;1;1;2;2;4;2;4;4;4;5;5;5;5;1;5;2;2;2;1;5;5;5;5;1;5;5;5;5;5;5;5;5;5;5;2;2;5;5;5;5;5;5;3;3;3;3;1;4;1;5;5;1;1;5;3;1;3;2;1;1;1;4;4;48;1;1;1;1;1;1;4;3;3;4;4;4;1;1;2;2;3;2;1;2;3;1;2;1;4;4;4;1;1;5;5;5;5;5;5;2;2;1;2;3;4;5;5;1;1;1;1;1;1;1;2;2;1;2;2;2;2;2;1;1;4;4;1;3;2;1;2;2;2;2;2;2;2;2;2;2;2;2;5;5;5;5;5;5;5;5;5;5;5;5;5;5;5;5;5;5;1;1;2;;3;6;3;;;1;1
49;ROCAFUERTE;1;2;2;4;4;1;1;1;1;1;1;2;2;2;1;2;1;1;4;4;2;2;2;2;1;2;2;1;1;1;1;1;1;1;1;1;1;2;2;1;2;2;1;1;3;3;3;3;3;3;3;5;5;5;1;5;5;2;2;2;1;5;5;5;5;5;1;5;5;5;1;5;5;5;5;5;5;5;5;5;5;5;5;5;4;3;4;4;1;4;1;5;5;2;1;5;5;1;3;2;1;1;2;4;4;48;1;1;1;1;2;1;3;3;3;4;4;4;1;2;2;2;2;2;1;2;3;2;2;2;4;4;4;1;1;5;5;5;5;5;5;2;2;1;2;4;4;5;5;1;1;1;1;1;1;1;3;2;1;3;3;3;2;3;1;1;1;3;1;5;2;9;2;2;2;2;2;2;2;2;2;2;1;2;5;5;5;5;5;5;5;5;5;5;5;5;5;5;5;5;5;5;2;1;2;;3;6;3;;;1;2
5;ROCAFUERTE;2;1;1;4;3;1;1;1;1;2;1;1;3;2;1;2;2;2;4;4;2;2;1;1;1;2;2;1;1;1;1;3;3;3;1;1;1;2;3;2;3;3;1;1;2;2;3;3;3;3;3;5;5;5;1;5;5;2;2;2;1;5;5;5;5;5;5;5;5;5;1;5;5;1;5;5;5;5;5;5;5;5;5;5;3;3;3;2;1;4;2;5;5;1;1;5;5;1;3;2;1;1;1;4;4;48;1;1;1;2;3;1;3;4;3;4;4;4;1;1;1;1;1;1;1;2;3;1;2;2;3;3;2;1;1;5;5;5;5;5;5;1;2;1;2;4;4;5;5;1;1;1;1;2;1;1;1;1;1;2;2;2;3;3;1;1;3;4;1;5;2;1;2;2;1;1;2;2;2;2;1;2;2;2;5;5;5;5;5;5;5;5;5;5;5;5;3;5;4;5;5;5;1;1;2;;3;6;3;;;1;2
51;SUCRE;1;1;1;5;4;1;1;1;1;1;3;1;5;1;1;1;1;1;2;2;1;1;1;1;1;1;2;1;1;1;1;4;4;4;1;1;2;2;4;3;4;2;1;1;2;2;5;5;5;2;5;5;5;5;1;5;5;2;2;2;1;5;5;5;5;5;1;5;5;5;1;5;5;1;5;5;5;5;2;5;5;5;5;5;3;4;3;2;1;3;1;5;5;1;1;5;5;1;4;1;1;1;2;4;5;48;1;1;1;2;3;1;3;3;3;3;4;4;1;2;2;3;2;1;2;2;1;2;1;4;4;4;4;2;1;5;5;5;5;5;5;1;2;1;2;4;4;5;5;2;1;1;1;2;2;1;2;2;1;2;3;3;3;2;1;1;3;4;1;3;2;13;2;2;1;1;2;2;2;2;1;2;1;2;5;5;5;5;5;5;5;5;5;5;5;5;5;4;4;5;5;5;2;1;2;;3;6;3;;;1;2
52;SUCRE;1;1;1;4;4;1;1;1;1;1;2;1;2;2;2;2;1;4;4;4;1;1;1;1;1;1;2;1;1;1;1;1;1;1;1;1;2;2;2;2;2;2;1;1;2;4;4;4;4;4;4;5;5;5;1;5;5;1;1;1;5;5;5;5;5;1;5;5;5;5;5;5;5;5;5;5;2;2;5;5;5;5;5;5;3;3;3;3;1;4;4;5;4;1;1;4;4;1;3;1;1;1;2;3;4;48;1;1;1;1;2;1;4;4;3;3;3;3;1;1;1;1;1;1;1;2;3;1;1;1;4;4;4;1;1;5;5;5;5;5;5;2;2;1;2;4;4;5;5;1;1;1;1;1;1;1;2;1;1;2;2;2;3;3;1;1;4;4;2;3;2;14;2;2;1;1;2;2;2;2;2;2;2;2;5;5;5;5;5;5;5;5;5;5;5;5;5;5;5;5;5;5;1;1;2;;3;6;3;2;;1;1
53;ROCAFUERTE;2;1;1;5;3;1;1;1;1;2;5;1;2;2;1;2;4;1;4;4;1;1;1;1;1;1;2;1;4;1;1;4;1;4;1;1;2;2;4;2;5;2;1;1;2;2;5;5;5;5;5;5;5;5;1;5;5;2;2;2;1;5;5;5;5;5;5;5;5;1;1;5;5;5;5;5;5;5;3;5;5;5;5;5;2;3;2;3;1;4;4;3;4;1;1;5;5;1;4;1;1;1;1;3;4;48;1;1;1;2;3;1;3;3;3;4;4;4;1;3;2;2;3;2;1;2;2;2;2;2;4;3;2;1;1;5;5;5;5;5;5;2;1;1;2;3;3;5;5;1;1;1;1;2;1;1;1;1;1;2;2;2;1;3;1;1;1;4;1;3;2;2;2;2;2;2;2;2;2;2;2;2;2;2;5;5;5;5;5;5;5;5;5;5;5;5;2;5;5;5;5;5;1;1;2;;2;6;3;1;;1;3
54;SUCRE;2;1;1;3;3;1;1;1;1;2;5;1;4;3;1;1;3;3;3;3;1;2;2;2;1;2;2;1;1;1;1;2;1;2;1;1;2;2;2;2;2;2;1;1;3;3;3;3;3;3;3;5;5;5;1;5;5;1;1;1;1;5;5;5;5;1;5;5;5;5;5;5;5;5;5;5;2;2;5;5;5;5;5;5;2;1;2;1;1;4;4;5;5;1;1;5;5;1;3;1;1;1;2;4;4;48;1;1;1;2;2;1;3;4;2;3;3;3;1;1;1;1;1;1;1;1;2;1;1;1;3;4;4;1;1;5;5;5;5;5;5;1;1;1;1;4;4;5;5;2;1;1;1;1;1;1;2;2;1;2;2;2;2;3;1;1;4;4;1;5;2;14;2;2;1;1;2;2;2;2;2;2;2;2;5;5;5;5;5;5;5;5;5;5;5;5;5;5;5;5;5;5;1;1;2;;3;6;3;;;1;2
55;ROCAFUERTE;2;1;1;3;2;1;1;1;1;1;4;1;3;2;1;2;2;2;4;4;1;2;2;2;1;1;2;1;3;1;1;4;1;4;1;1;2;2;2;2;3;2;1;1;3;3;5;3;5;5;5;5;5;5;1;5;5;2;2;2;1;5;5;5;5;1;5;5;5;5;5;5;5;5;5;5;3;4;5;5;5;5;5;5;3;5;2;2;1;4;4;5;5;1;1;5;3;1;3;1;1;1;1;3;4;48;1;1;1;2;3;1;3;4;3;3;4;4;1;1;1;1;1;1;2;2;2;1;2;1;4;3;2;1;1;5;5;5;5;5;5;2;2;1;2;3;4;5;5;1;1;1;2;2;1;1;2;2;2;1;1;1;2;1;1;1;3;4;2;5;2;6;2;2;2;2;2;2;2;2;2;2;2;2;5;5;5;5;5;5;5;5;5;5;5;5;3;5;5;5;5;5;2;1;2;;3;6;3;;;1;1
56;ROCAFUERTE;1;1;1;4;2;1;1;1;1;2;4;1;1;1;1;1;1;2;4;4;1;1;1;1;1;1;2;1;1;1;1;4;4;4;1;1;1;2;4;1;4;2;2;1;1;4;4;1;4;4;4;4;4;4;1;4;4;2;2;2;1;4;4;4;4;1;4;4;4;4;4;4;4;4;4;4;5;5;5;5;5;5;5;5;3;3;4;3;1;3;1;4;4;1;1;5;3;1;2;1;1;1;1;4;4;48;1;1;1;1;2;1;4;4;3;4;4;4;1;1;1;1;1;1;1;2;2;1;2;2;4;2;4;1;1;5;5;5;5;5;5;2;1;1;1;3;4;5;5;1;1;1;1;2;1;1;2;2;2;2;2;2;2;2;1;1;1;4;1;4;2;132;2;2;2;2;2;2;2;2;2;2;2;2;4;4;4;4;4;4;4;4;4;4;4;4;4;4;4;4;4;4;1;1;2;;3;6;3;;;1;2
57;ROCAFUERTE;1;1;1;4;1;1;1;1;1;1;1;1;1;1;1;1;1;1;3;3;1;1;1;1;1;1;2;1;1;1;1;4;1;4;1;1;1;2;4;1;4;2;2;1;4;1;4;1;4;4;4;4;4;4;1;4;4;2;2;2;1;1;4;4;4;4;4;4;4;4;1;1;4;4;4;4;5;5;2;2;5;5;5;5;2;4;2;2;1;4;1;3;2;1;1;3;3;1;4;1;1;1;1;2;3;48;1;1;1;2;4;1;2;2;3;2;4;4;1;1;1;1;1;1;1;1;1;1;1;1;4;2;2;1;1;5;5;5;5;5;5;1;1;1;2;2;3;5;5;1;1;1;1;2;1;1;2;1;1;2;2;2;3;3;1;1;4;4;1;4;2;8;2;2;2;2;2;2;2;2;2;2;2;2;4;4;4;4;4;4;4;4;4;4;4;4;4;4;4;4;4;4;2;1;2;;3;6;6;;;1;2
58;ROCAFUERTE;1;1;1;4;2;2;1;1;1;2;4;2;4;1;1;1;1;1;4;4;1;1;1;1;1;1;2;1;1;1;1;4;1;4;1;1;1;2;4;1;4;2;1;2;1;1;1;4;4;1;4;4;4;4;1;4;4;2;2;2;1;4;4;4;4;1;4;4;4;4;4;4;4;4;4;4;5;5;5;5;2;2;5;2;2;3;3;3;1;4;1;3;3;1;1;3;3;1;4;1;1;1;1;4;4;48;1;1;1;1;4;1;2;2;2;3;4;4;1;1;1;1;1;1;1;1;1;1;1;1;4;2;2;1;1;5;5;5;5;5;5;1;1;1;1;2;2;5;5;1;1;1;1;1;1;1;1;1;1;2;2;2;2;3;1;1;1;4;1;4;2;2;4;4;1;1;4;1;4;4;4;4;1;4;4;4;4;4;4;4;4;4;4;4;4;4;4;4;4;4;4;4;2;1;2;;3;6;3;2;;1;3
59;PORTOVIEJO;1;1;1;1;1;1;1;1;1;2;4;1;1;1;1;1;1;1;1;4;1;1;1;1;1;1;2;1;1;1;1;4;1;4;1;1;2;2;4;1;4;2;1;1;1;1;4;4;4;4;4;4;4;4;1;4;4;2;2;2;1;4;4;4;4;1;4;4;4;4;4;4;4;4;4;4;5;5;5;5;5;5;5;5;2;2;2;4;1;4;1;4;5;1;1;5;5;1;4;1;1;1;1;4;3;48;1;1;1;1;2;1;4;4;2;4;4;4;1;1;1;1;1;1;1;1;1;1;1;1;4;2;4;1;1;5;5;5;5;5;5;1;1;1;2;4;2;5;5;1;1;1;1;1;1;1;1;1;1;2;2;2;2;2;1;1;1;4;1;4;2;12;2;2;2;2;2;2;2;2;2;2;2;2;4;4;4;4;4;4;4;4;4;4;4;4;4;4;4;4;4;4;1;1;2;;3;6;3;;;1;1
6;ROCAFUERTE;1;2;1;4;1;1;1;1;1;4;2;2;4;1;1;1;4;1;4;4;1;2;2;1;2;2;2;1;1;1;1;1;1;1;1;1;2;2;2;2;2;2;1;1;1;4;1;1;4;1;4;4;4;4;1;4;4;2;2;2;1;4;4;4;4;1;4;4;4;4;4;4;4;4;4;4;2;4;5;5;5;5;5;5;2;5;5;2;1;2;4;4;5;1;1;5;2;1;4;1;2;1;2;2;2;52;1;1;1;2;4;1;2;2;2;2;3;3;1;1;1;1;1;1;1;1;1;1;1;1;4;2;4;1;1;5;5;5;5;5;5;2;2;1;1;3;2;5;5;1;1;1;1;1;1;1;2;2;2;2;2;2;3;3;1;1;1;4;1;2;2;12;2;2;2;2;2;2;2;2;2;2;2;2;4;4;4;4;4;4;4;4;4;4;4;4;4;4;4;4;4;4;1;1;2;;3;6;3;;;1;2
61;ROCAFUERTE;2;1;1;2;2;1;1;1;1;2;4;1;2;1;1;1;4;1;4;4;1;1;1;1;1;1;2;1;1;1;1;1;1;1;1;1;2;2;2;2;2;2;1;2;4;1;4;4;4;4;4;4;4;4;1;4;4;2;2;2;1;1;4;4;4;4;4;4;4;4;1;1;4;4;4;4;5;5;5;5;5;5;5;5;4;2;4;4;1;3;2;5;5;1;1;5;5;1;2;1;2;2;2;3;4;48;1;1;1;2;4;1;2;2;2;2;3;4;1;1;1;1;2;2;2;2;2;1;2;2;4;2;4;1;1;5;5;5;5;5;5;1;1;1;2;4;4;5;5;2;1;1;1;1;1;1;2;1;1;2;2;2;3;3;1;1;1;4;1;4;2;8;2;2;2;2;2;2;2;2;2;2;1;2;4;4;4;4;4;4;4;4;4;4;4;4;4;4;4;4;4;4;2;1;2;;3;6;3;;;1;2
62;SUCRE;1;1;1;4;1;1;1;1;1;2;1;1;1;1;1;1;1;1;4;4;1;1;1;1;1;1;2;1;1;1;1;4;1;4;1;1;1;2;4;1;4;1;1;1;1;1;4;1;4;4;4;4;4;4;1;4;4;2;2;2;1;4;4;4;4;1;4;4;4;4;4;4;4;4;4;4;5;5;5;5;5;5;5;5;3;2;4;4;1;4;1;5;5;1;1;5;5;1;3;1;1;1;1;4;4;48;1;1;1;2;4;1;2;4;3;3;4;4;1;1;1;1;1;1;1;1;1;1;1;1;4;4;4;1;1;5;5;5;5;5;5;1;1;1;2;4;4;5;5;1;1;1;1;1;1;1;1;1;1;2;2;2;3;3;1;1;1;4;1;4;2;16;2;2;2;2;2;2;2;2;2;2;2;2;4;4;4;4;4;4;4;4;4;4;4;4;4;4;4;4;4;4;1;1;2;;3;6;3;2;;1;2
63;PORTOVIEJO;2;1;2;4;1;2;1;1;1;1;4;2;4;1;1;1;1;1;4;4;1;2;2;1;1;2;2;1;1;1;1;1;1;1;1;1;2;2;2;1;2;2;1;1;1;1;4;4;4;4;4;4;4;4;1;4;4;2;2;2;1;1;4;4;4;4;4;4;4;4;1;1;4;4;4;4;5;5;5;5;5;5;5;5;2;2;4;2;1;4;2;5;5;1;1;5;5;1;4;1;1;1;1;4;4;48;1;1;1;2;2;1;4;3;2;3;4;4;1;1;1;1;2;1;1;1;1;1;1;1;4;4;4;1;1;5;5;5;5;5;5;1;1;1;2;4;4;5;5;1;1;1;1;1;1;1;2;2;1;2;2;2;2;3;1;1;2;4;1;4;2;12;2;2;2;2;2;2;2;2;1;2;1;2;4;4;4;4;4;4;4;4;4;4;4;4;4;4;4;4;4;4;1;1;2;;4;6;1;;;1;1
64;ROCAFUERTE;1;1;1;2;1;1;1;1;1;2;4;1;1;1;1;1;4;1;4;4;1;1;1;1;1;1;2;1;1;1;1;4;4;4;1;1;1;2;2;2;2;1;1;1;1;1;4;4;4;4;4;4;4;4;1;4;4;2;2;2;1;1;4;4;4;4;4;4;4;4;1;1;4;4;4;4;5;5;5;5;5;5;5;5;4;2;2;4;1;4;1;5;5;1;1;5;5;1;4;1;1;1;1;4;4;48;1;1;1;1;2;1;4;4;2;4;4;4;1;1;1;1;1;1;1;2;2;1;2;1;4;4;4;1;1;5;5;5;5;5;5;1;1;1;2;4;4;5;5;1;1;1;1;2;1;1;2;2;1;2;2;2;2;2;1;1;2;4;1;4;2;2;2;2;2;2;2;2;2;2;2;2;2;2;4;4;4;4;4;4;4;4;4;4;4;4;4;4;4;4;4;4;1;1;2;;3;6;3;1;;1;2
65;SUCRE;1;1;1;4;1;1;1;1;1;1;1;1;1;1;1;1;4;4;1;4;1;2;2;1;1;1;2;1;1;1;1;4;1;4;1;1;1;2;4;1;4;1;1;1;1;4;4;1;4;4;4;4;4;4;1;4;4;2;2;2;4;4;4;4;4;1;4;4;4;4;4;4;4;4;4;4;2;2;4;5;5;5;5;5;2;2;4;3;1;4;1;3;4;1;1;5;5;1;3;1;1;1;1;2;3;48;1;1;1;2;4;1;2;2;2;2;4;4;1;1;1;1;1;1;1;1;1;1;1;1;4;2;2;1;1;5;5;5;5;5;5;1;1;1;2;4;4;5;5;1;1;1;1;2;1;1;2;2;1;2;2;2;2;2;1;1;1;4;1;2;2;8;1;1;1;1;1;1;1;1;1;1;1;1;4;4;4;4;4;4;4;4;4;4;4;4;4;4;4;4;4;4;1;1;2;;3;6;3;;;1;1
66;ROCAFUERTE;1;1;1;4;1;1;1;1;1;2;4;2;4;1;1;1;4;1;4;4;1;2;2;1;2;2;2;1;1;1;1;1;1;1;1;1;2;2;4;1;4;1;1;1;1;1;4;4;4;4;4;4;4;4;1;4;4;2;2;2;4;4;4;4;4;1;1;4;4;4;4;4;4;4;4;4;5;5;5;5;5;5;5;5;5;2;4;4;1;4;1;5;5;1;1;5;5;1;4;1;1;1;1;2;3;48;1;1;1;1;4;1;2;2;2;2;4;4;1;1;1;1;1;1;1;2;2;1;1;1;4;4;4;1;1;5;5;5;5;5;5;2;2;1;2;4;4;5;5;1;1;1;1;2;2;2;2;2;1;2;3;3;3;3;1;1;2;4;1;4;2;1;2;2;2;2;2;2;2;2;1;2;1;2;4;4;4;4;4;4;4;4;4;4;4;4;3;4;4;4;4;4;2;1;2;;2;6;1;;;1;1
67;SUCRE;2;2;1;4;1;2;1;1;1;2;4;1;1;1;1;1;2;1;4;4;1;1;1;1;1;1;2;1;1;1;1;2;1;4;1;1;2;2;2;1;2;1;1;1;1;1;4;4;4;1;4;4;4;4;1;4;4;2;2;2;1;1;4;4;4;4;4;4;4;4;1;4;1;4;4;4;2;5;5;5;5;5;5;5;4;3;4;2;1;4;1;5;5;1;1;5;5;1;2;1;1;1;2;4;4;48;1;1;1;2;4;1;2;4;2;4;4;4;1;1;1;1;1;1;1;2;1;1;1;1;4;2;4;1;1;5;5;5;5;5;5;1;1;1;2;4;4;5;5;1;1;1;1;2;1;1;2;2;1;2;2;2;2;2;1;1;1;4;1;4;2;8;2;2;2;2;2;2;2;2;2;2;2;2;4;4;4;4;4;4;4;4;4;4;4;4;4;4;4;4;4;4;2;1;2;;4;6;3;;;1;2
68;ROCAFUERTE;1;1;1;4;1;1;1;1;1;2;4;1;4;1;1;1;4;1;1;4;1;1;1;1;1;1;2;1;1;1;1;4;1;4;1;1;2;2;4;1;4;1;1;1;1;1;4;4;4;4;4;4;4;4;1;4;4;2;2;2;1;1;4;4;4;4;4;4;4;4;1;1;1;4;4;4;5;5;3;5;5;5;5;5;2;2;2;3;1;4;1;5;5;1;1;2;5;1;2;1;1;1;1;4;5;48;1;1;1;2;2;1;4;4;2;4;4;4;1;1;1;1;1;1;1;1;1;1;1;1;4;4;4;1;1;5;5;5;5;5;5;1;1;1;2;4;4;5;5;1;1;1;1;1;1;1;2;2;1;2;2;2;3;3;1;1;2;4;1;4;2;12;2;2;2;2;2;2;2;2;2;2;2;2;4;4;4;4;4;4;4;4;4;4;4;4;4;4;4;4;4;4;1;1;2;;2;6;3;;;1;1
69;SUCRE;2;1;1;4;2;1;1;1;1;2;4;1;4;1;1;1;4;1;1;4;1;2;2;1;1;2;2;1;4;1;1;4;4;4;1;1;2;2;4;2;2;2;2;2;1;1;1;4;4;1;4;4;4;4;1;4;4;2;2;2;1;1;4;4;4;4;4;4;4;4;1;4;4;4;1;1;4;4;2;5;5;5;5;5;1;1;2;1;1;4;4;2;2;1;1;4;5;1;5;1;1;1;1;4;5;56;2;2;2;2;4;1;2;2;2;2;4;4;1;1;1;1;2;2;1;1;1;1;1;1;4;4;4;1;1;5;5;5;5;5;5;1;2;2;1;1;4;5;5;1;1;1;1;1;1;1;2;2;1;1;1;2;2;3;1;1;2;4;1;2;2;1;2;2;2;2;2;2;2;2;2;2;1;2;4;4;4;4;4;4;4;4;4;4;4;4;3;4;4;4;4;4;1;1;2;;3;6;3;;1;1;1
7;ROCAFUERTE;1;1;1;4;4;1;1;1;1;1;2;2;4;2;2;1;4;1;4;4;1;2;2;1;1;1;2;1;1;1;1;2;4;2;1;1;2;2;4;1;4;2;1;1;1;1;4;4;4;4;4;4;4;4;1;4;4;2;2;2;1;1;4;4;4;4;4;4;4;4;1;1;4;4;4;4;2;2;4;5;5;5;5;5;2;1;2;1;1;4;2;4;5;1;1;4;4;1;2;1;1;1;2;4;4;48;1;1;1;2;2;1;4;4;2;4;4;4;1;2;1;1;2;1;1;1;2;1;1;1;4;4;2;1;1;5;5;5;5;5;5;1;1;1;1;2;4;5;5;1;1;1;1;2;1;1;2;1;1;2;2;1;2;2;1;1;1;4;1;2;2;12;2;2;2;2;2;2;2;2;2;2;2;2;4;4;4;4;4;4;4;4;4;4;4;4;4;4;4;4;4;4;1;1;2;;3;6;3;1;;1;2
71;PORTOVIEJO;1;1;1;2;1;1;1;1;1;1;1;1;1;1;1;1;1;1;1;2;2;1;1;1;1;1;2;2;2;1;2;2;1;2;2;2;2;2;2;1;1;1;1;1;4;1;4;4;4;4;4;4;4;4;1;4;4;2;2;2;1;4;4;4;4;4;4;4;4;2;2;2;1;1;1;1;1;4;2;4;4;4;4;4;2;4;4;1;1;4;4;2;2;4;2;4;2;1;1;1;1;1;1;1;1;52;2;2;2;2;2;2;2;2;2;2;4;4;1;1;1;1;1;1;1;1;1;2;2;2;4;2;4;2;1;5;5;5;5;5;5;2;1;1;1;1;1;4;4;4;1;1;1;1;1;1;1;1;1;1;1;1;1;1;2;1;4;1;1;4;2;3;2;1;1;1;1;2;2;2;2;2;2;2;4;4;4;4;4;4;4;4;4;4;4;4;4;4;4;4;4;4;2;1;2;;3;1;6;;;1;1
72;SUCRE;1;1;1;4;2;1;1;1;1;1;1;1;2;1;1;1;2;1;4;4;1;1;1;1;1;1;2;1;1;1;1;4;4;4;1;1;2;2;4;2;4;2;1;1;1;1;4;4;4;4;4;5;5;5;1;5;5;2;2;2;1;5;5;5;5;5;1;5;5;4;1;4;4;4;1;4;5;5;5;5;5;5;5;5;2;2;4;2;1;4;4;4;4;1;1;4;4;1;2;1;1;1;1;2;4;56;1;2;2;2;2;1;4;4;2;4;4;4;1;1;1;1;2;1;1;1;1;1;1;1;4;4;4;1;1;5;5;5;5;5;5;1;1;1;2;4;4;5;5;1;1;1;1;2;1;1;2;2;1;2;2;3;3;3;1;1;2;4;1;4;2;12;2;2;2;2;2;2;2;2;2;2;2;2;4;4;4;4;4;4;4;4;4;4;4;4;4;4;4;4;4;4;1;1;2;;3;6;3;;;1;2
73;SUCRE;1;2;2;4;1;2;2;1;1;1;1;2;2;1;1;1;1;1;2;2;2;1;1;2;2;2;2;2;2;2;1;4;2;2;1;1;1;2;2;1;2;1;1;1;4;1;4;4;4;4;4;4;4;4;1;1;4;2;2;2;1;4;4;4;4;4;4;4;4;4;1;1;1;1;1;1;4;4;4;4;4;4;4;4;4;4;4;4;1;4;4;4;4;2;2;4;4;1;1;1;1;1;1;4;4;56;2;2;2;4;2;1;4;4;4;4;4;4;1;1;1;1;1;1;1;1;1;1;1;1;4;2;2;2;1;5;5;5;5;5;5;4;1;1;1;1;1;4;4;4;2;2;1;1;1;1;1;1;1;2;2;1;2;2;2;1;1;1;1;4;2;15;2;2;1;1;1;2;2;2;2;1;1;1;4;4;4;4;4;4;4;4;4;4;4;4;4;4;4;4;4;4;2;1;2;;3;6;3;2;;1;2
74;ROCAFUERTE;1;1;1;1;1;1;1;1;1;1;4;1;2;1;1;1;1;1;2;2;1;1;1;1;1;1;2;1;1;1;1;4;1;4;1;1;2;2;4;2;4;2;2;2;1;1;1;4;4;1;4;4;4;4;1;4;4;1;1;1;1;1;5;5;5;5;5;5;5;4;1;4;4;4;1;1;5;5;5;5;5;5;5;5;2;2;2;4;1;4;2;4;4;1;1;4;4;1;2;1;1;1;1;2;4;52;2;2;2;2;4;1;2;2;2;4;4;4;1;1;1;1;1;1;1;1;1;1;2;1;4;4;4;1;1;5;5;5;5;5;5;1;1;1;2;2;4;5;5;1;1;1;1;1;1;1;2;1;1;2;2;2;2;3;1;1;2;4;1;4;2;125;1;1;1;1;1;1;1;1;1;1;1;1;4;4;4;4;4;4;4;4;4;4;4;4;4;4;4;4;4;4;2;1;2;;3;6;3;1;1;1;2
75;ROCAFUERTE;1;1;1;4;2;1;1;1;1;1;1;1;1;1;1;1;1;1;4;4;1;1;1;1;1;1;2;1;1;1;1;4;1;4;1;1;2;2;4;2;4;2;1;1;5;1;5;5;5;5;5;5;5;5;1;5;5;2;2;2;1;5;5;5;5;1;5;5;5;5;5;5;5;5;5;5;4;4;5;5;5;5;5;5;2;2;2;2;1;4;4;4;4;1;1;4;5;1;4;1;1;1;1;4;4;48;1;1;1;2;4;1;4;2;2;2;2;2;1;1;1;1;2;1;1;1;1;1;1;1;4;4;4;1;1;5;5;5;5;5;5;1;1;1;2;2;4;5;5;1;1;1;1;1;1;1;1;1;1;2;2;2;2;2;1;1;2;4;1;2;3;12;2;2;2;2;2;2;2;2;2;2;2;2;5;5;5;5;5;5;5;4;4;4;4;4;4;4;4;4;4;4;1;1;2;;3;6;3;;;1;1
76;ROCAFUERTE;1;1;1;4;4;2;1;1;1;1;5;1;1;1;1;1;1;1;3;3;2;1;1;1;1;1;2;1;1;1;1;3;1;3;1;1;2;2;3;1;3;2;1;1;2;2;4;4;4;4;4;5;5;5;5;5;5;2;2;2;1;5;5;5;5;1;5;5;5;5;5;5;5;5;5;5;5;5;5;5;5;5;5;5;3;2;3;3;1;1;4;5;5;1;1;5;5;1;3;1;1;1;1;3;3;48;1;1;1;2;3;1;4;4;3;3;4;4;1;3;1;1;3;1;1;1;1;1;1;1;3;4;4;1;1;5;5;5;5;5;5;2;2;1;2;3;4;5;5;1;1;1;1;1;1;1;2;2;1;2;2;1;3;3;1;1;4;4;1;4;2;16;2;2;2;2;2;2;2;2;2;2;2;2;5;5;5;5;5;5;5;5;5;5;5;5;3;4;5;5;5;5;2;1;2;;3;6;3;;;1;2
77;ROCAFUERTE;1;1;1;4;2;2;1;1;1;1;5;1;1;1;1;1;3;1;3;3;1;2;2;2;1;2;2;1;1;1;1;1;1;1;1;1;2;2;1;1;1;1;1;1;5;1;5;5;5;5;5;5;5;5;1;5;5;2;2;2;1;5;5;5;5;5;5;5;5;5;1;5;5;5;2;5;5;1;5;5;5;2;5;5;4;4;3;4;1;4;2;5;5;1;1;5;5;1;3;1;1;1;1;3;4;48;1;1;1;2;3;1;3;4;2;3;4;4;1;1;1;1;2;1;1;1;1;1;1;1;3;4;2;1;1;5;5;5;5;5;5;2;2;1;1;4;4;5;5;1;1;1;1;1;1;1;2;1;1;2;2;2;3;3;1;1;3;4;1;5;2;1;2;2;2;2;2;2;2;2;2;2;2;2;5;5;5;5;5;5;5;5;5;5;5;5;5;5;5;5;5;5;1;1;1;1;3;6;6;;;1;2
78;ROCAFUERTE;2;1;1;2;2;1;1;1;1;1;4;2;2;2;1;2;4;1;4;4;1;2;2;2;1;2;2;1;1;1;1;1;1;1;1;1;2;2;1;2;1;2;1;1;1;1;4;4;4;4;4;4;4;4;1;4;4;2;2;2;1;1;4;4;4;4;4;4;4;4;1;1;4;4;1;4;5;5;5;5;5;5;5;5;3;2;3;4;1;4;1;4;5;1;1;5;5;1;2;1;1;1;1;3;2;48;1;1;1;2;2;1;4;3;2;3;4;4;1;1;1;1;1;1;1;1;1;1;1;1;4;2;4;1;1;5;5;5;5;5;5;1;1;1;2;4;4;5;5;1;1;1;2;1;1;1;1;1;1;1;1;2;3;3;1;1;4;4;2;4;2;1;2;2;2;2;2;2;2;2;2;2;2;2;4;4;4;4;4;4;4;4;4;4;4;4;4;4;4;4;4;4;1;1;2;;2;6;1;;;1;1
79;SUCRE;1;1;1;4;1;1;1;2;2;2;2;2;2;1;1;1;1;1;2;2;2;1;1;1;1;1;2;2;1;1;1;2;1;1;1;1;1;2;2;1;1;1;1;1;4;1;4;4;4;4;4;4;4;4;1;4;4;2;2;2;1;4;4;4;4;4;4;4;4;2;1;2;1;1;1;1;4;4;4;4;4;4;4;4;4;2;4;4;1;4;4;4;4;4;1;4;4;1;1;1;1;1;1;4;4;52;2;2;2;2;1;1;4;4;4;4;4;4;1;1;1;1;1;1;1;1;1;1;1;1;4;2;4;2;2;5;5;5;5;5;5;1;4;4;4;4;4;4;4;4;2;2;2;1;1;1;1;1;1;1;1;1;1;1;2;1;1;4;1;4;2;12;1;2;2;2;2;2;2;2;2;2;2;2;4;4;4;4;4;4;4;4;4;4;4;4;4;4;4;4;4;4;1;1;2;;3;6;6;;;1;2
8;SUCRE;2;1;1;4;4;1;1;1;1;1;4;1;1;1;1;1;4;1;4;4;1;1;1;1;1;1;2;1;1;1;1;1;1;1;1;1;2;2;4;2;2;1;1;1;1;1;4;4;4;4;4;4;4;4;1;4;4;2;2;2;1;4;4;4;4;1;4;4;4;4;4;4;4;4;4;4;5;4;5;5;5;5;5;5;2;1;2;2;1;4;4;5;5;1;1;5;5;1;4;1;1;1;1;2;4;52;1;2;2;2;4;1;2;2;2;4;4;4;1;1;1;1;2;2;1;1;2;1;1;1;4;4;4;1;1;5;5;5;5;5;5;1;1;1;1;4;4;5;5;1;1;1;1;2;2;1;2;2;1;2;2;2;3;3;1;1;2;4;1;4;2;8;1;1;1;1;1;1;1;1;1;1;1;1;4;4;4;4;4;4;4;4;4;4;4;4;4;4;4;4;4;4;1;1;2;;3;6;3;;;1;1
81;SUCRE;1;1;1;5;4;2;1;1;1;1;4;1;4;1;1;1;4;1;4;4;1;2;2;1;1;2;2;1;1;1;1;4;1;4;1;1;2;2;4;2;4;2;2;2;1;4;4;1;4;4;4;4;4;4;1;4;4;2;2;2;1;1;4;4;4;4;4;4;4;4;1;1;4;4;4;4;5;5;2;5;5;5;5;5;2;4;2;2;1;2;4;2;4;1;1;3;5;1;4;1;1;1;1;2;3;48;1;1;1;2;4;1;2;2;2;3;3;3;1;1;1;1;1;1;1;1;1;1;1;1;4;2;2;2;1;5;5;5;5;5;5;1;1;1;2;4;4;5;5;1;1;1;1;2;2;2;2;2;2;2;2;2;2;2;1;1;1;4;1;2;2;6;2;2;1;1;2;2;2;2;2;2;1;2;4;4;4;4;4;4;4;4;4;4;4;4;3;4;4;4;4;4;2;1;2;;4;6;6;;;1;2
82;SUCRE;2;1;1;4;2;2;1;1;1;2;1;2;4;2;1;1;4;4;1;4;1;1;1;1;1;1;2;1;1;1;1;4;1;4;1;1;2;2;2;2;2;1;1;1;1;4;4;1;4;4;4;4;4;4;1;4;4;2;2;2;4;4;4;4;4;1;1;4;4;4;4;4;4;4;4;4;5;5;5;5;5;5;5;5;2;2;3;2;1;4;2;3;3;1;1;4;3;1;4;1;1;1;1;2;3;48;1;1;1;2;4;1;1;3;2;3;4;4;1;1;1;1;1;1;1;1;1;1;1;1;4;2;4;1;1;5;5;5;5;5;5;1;1;1;2;3;2;5;5;1;1;1;1;1;1;1;2;1;1;2;2;2;2;3;1;1;2;4;1;2;3;8;2;2;1;1;2;2;2;2;2;2;1;2;4;4;4;4;4;4;4;4;4;4;4;4;4;4;3;4;4;4;1;1;2;;3;6;3;;;1;1
83;SUCRE;1;1;1;2;1;2;1;1;1;2;4;1;2;1;1;1;4;1;4;4;1;1;1;1;1;1;2;1;1;1;1;1;1;1;1;1;1;2;4;1;4;1;1;1;4;1;4;4;4;4;4;4;4;4;1;4;4;2;2;2;1;1;4;4;4;4;4;4;4;4;1;4;1;4;4;4;5;5;5;5;5;5;5;5;4;2;4;4;1;3;2;5;5;1;1;5;5;1;2;1;2;1;1;3;4;48;1;1;1;2;2;1;4;4;2;3;4;4;1;1;1;1;2;1;1;2;2;1;2;1;4;4;4;1;1;5;5;5;5;5;5;1;1;1;2;3;4;5;5;1;1;1;1;2;1;1;1;2;1;2;2;2;3;3;1;1;2;4;1;4;2;12;1;1;1;1;1;1;1;1;1;1;1;1;4;4;4;4;4;4;4;4;4;4;4;4;3;4;4;4;4;4;1;1;2;;2;6;1;;;1;1
84;SUCRE;1;2;1;4;2;2;1;1;1;2;4;1;4;2;1;1;1;4;1;4;1;1;1;1;1;1;2;1;1;1;1;4;1;4;1;1;2;2;4;1;4;1;1;1;4;1;4;4;4;4;4;4;4;4;1;1;4;2;2;2;1;4;4;4;4;1;4;4;4;4;4;4;4;4;4;4;5;5;5;5;5;5;5;5;3;2;4;5;1;4;2;4;4;1;1;4;5;1;4;1;1;1;2;2;4;48;1;1;1;2;4;1;2;2;2;3;4;4;1;1;1;1;1;1;1;1;1;1;1;1;4;4;4;2;1;5;5;5;5;5;5;1;1;1;1;4;4;5;5;2;1;1;1;2;1;1;2;2;1;1;1;1;1;2;1;1;2;4;1;4;2;1;2;2;2;2;2;2;2;2;2;2;2;2;4;4;4;4;4;4;4;4;4;4;4;4;4;4;4;4;4;4;2;1;2;;3;6;4;;;1;2
85;ROCAFUERTE;2;2;2;4;2;2;2;2;2;2;1;1;4;1;1;1;2;1;4;4;1;2;2;2;1;1;2;1;1;1;1;1;1;1;1;1;2;2;2;2;2;2;1;2;4;1;4;4;4;4;4;4;4;4;1;4;4;2;2;2;1;4;4;4;4;1;4;4;4;4;4;4;4;4;4;4;5;5;5;5;5;5;5;5;4;2;4;4;1;4;2;5;5;1;1;5;5;1;1;1;1;1;1;4;5;48;1;1;1;1;4;1;2;4;2;4;4;4;1;1;1;1;1;1;1;1;1;1;1;1;4;2;4;1;1;5;5;5;5;5;5;1;1;1;2;5;4;5;5;1;1;1;1;2;1;1;2;2;1;1;2;1;2;3;1;1;2;4;1;4;2;12;1;1;1;1;1;1;1;1;1;1;1;1;4;4;4;4;4;4;4;4;4;4;4;4;4;4;4;4;4;4;1;1;2;;2;6;1;;;1;1
86;PORTOVIEJO;2;1;1;4;2;3;2;2;1;2;5;1;2;1;1;1;1;1;3;3;1;1;2;1;1;2;2;1;3;1;1;4;1;4;1;1;2;2;4;1;4;1;1;1;3;1;3;3;3;3;3;5;5;5;1;5;5;1;1;1;5;5;5;5;5;1;1;5;5;5;1;5;1;5;5;5;5;5;5;5;5;5;5;5;4;4;4;4;1;4;2;5;5;1;1;5;5;1;3;1;1;1;1;3;4;48;1;1;1;1;2;1;3;3;2;3;3;3;1;2;1;2;2;1;2;2;2;1;2;2;5;2;2;1;1;5;5;5;5;5;5;2;2;1;1;3;3;5;5;1;1;1;1;2;1;1;2;1;1;2;2;2;2;2;1;2;2;4;1;4;1;12;1;1;1;1;2;1;2;2;1;2;1;2;5;5;5;5;5;5;5;5;5;5;5;5;2;4;4;5;5;5;1;1;2;;4;5;4;1;;1;1
87;SUCRE;1;1;1;2;1;3;1;1;1;1;1;1;3;1;1;1;2;3;4;4;2;1;2;1;2;2;2;2;2;1;1;2;2;2;1;1;1;2;3;1;4;1;1;1;4;1;4;2;4;4;4;5;5;5;5;5;5;5;5;5;1;4;4;4;4;4;4;4;4;4;2;2;2;3;1;1;4;4;5;5;5;5;5;5;3;1;3;3;1;4;3;5;5;1;1;5;5;1;3;1;1;1;1;3;1;48;1;1;1;1;1;2;3;3;2;3;4;4;1;1;1;1;1;1;2;2;2;1;1;1;4;3;4;1;1;5;5;5;5;5;5;1;1;1;1;4;3;5;5;5;1;1;2;2;1;5;1;1;1;1;2;1;1;1;2;1;3;4;1;3;2;12;3;3;2;2;2;2;2;2;1;2;2;2;5;5;5;5;5;5;5;5;5;5;5;5;1;3;3;5;5;5;1;1;2;;3;6;3;;;1;1
88;SUCRE;1;1;2;4;1;2;1;1;1;1;1;1;2;2;2;1;2;2;3;3;2;2;3;2;3;2;2;1;2;1;1;4;4;4;2;1;1;1;;;;;;;4;1;4;4;4;4;4;5;5;5;5;5;5;5;5;5;1;5;5;5;5;1;5;5;5;5;5;5;5;5;5;5;5;5;5;5;5;5;5;5;3;1;3;4;1;1;3;5;5;5;1;5;5;1;4;1;1;1;1;3;3;48;1;1;1;1;2;4;3;2;3;4;4;1;1;1;1;1;1;1;1;2;1;1;1;1;5;3;4;1;1;5;5;5;5;5;5;1;1;1;1;3;3;5;5;5;1;1;2;1;1;5;2;1;1;2;2;2;2;2;1;1;2;4;1;4;3;16;1;1;1;1;1;1;1;1;1;1;1;1;5;5;5;5;5;5;5;4;5;5;5;5;1;4;5;5;5;5;1;1;2;;2;6;1;;;1;1
89;PORTOVIEJO;2;1;1;3;1;3;1;1;1;1;2;1;3;1;1;1;1;3;1;4;1;1;1;1;1;1;2;1;3;1;1;4;2;4;1;2;1;2;2;1;4;1;1;1;4;1;4;4;4;4;4;5;5;5;5;5;5;5;5;5;1;4;4;4;4;1;4;4;4;5;5;5;5;5;5;5;2;5;5;5;5;5;5;5;2;4;3;3;1;3;1;3;3;5;1;5;2;1;4;1;1;1;1;3;3;52;3;1;3;2;3;1;3;3;2;3;4;3;1;1;1;1;1;1;2;1;1;1;1;1;4;2;2;1;1;5;5;5;5;5;5;1;1;1;1;2;2;5;5;5;1;1;2;2;1;5;1;1;1;1;1;1;2;1;2;1;2;4;1;4;2;12;3;3;2;2;2;2;2;2;3;2;2;2;5;5;5;5;5;5;5;5;5;5;5;5;3;5;5;5;5;5;1;1;2;;4;6;9;;;1;1
9;ROCAFUERTE;1;1;1;1;1;1;1;1;1;1;1;1;2;1;1;1;1;1;1;1;1;1;1;1;1;1;2;1;1;1;1;4;2;2;2;1;1;2;1;1;4;2;1;1;1;1;1;1;1;1;1;4;4;4;1;4;4;2;2;2;1;4;4;4;4;4;4;4;4;4;1;2;1;2;2;2;2;2;2;2;4;4;4;4;2;2;2;2;1;4;4;2;2;4;2;2;2;2;1;1;1;1;1;4;4;52;1;1;1;1;1;1;4;4;4;4;4;4;1;1;1;1;1;1;1;1;1;1;1;1;4;2;2;1;1;5;5;5;5;5;5;1;1;1;1;1;1;4;4;2;2;1;1;1;1;1;1;1;1;1;1;1;1;1;1;1;1;4;2;4;2;12;2;2;2;2;2;2;2;2;2;2;2;2;4;4;4;4;4;4;4;4;4;4;4;4;4;4;4;4;4;4;2;1;2;;3;6;1;;;1;1
91;SUCRE;1;1;1;4;1;1;1;1;1;1;1;1;2;1;1;1;2;1;4;4;1;2;2;2;1;2;2;1;4;1;1;4;1;4;1;1;2;2;4;2;4;1;1;1;1;1;4;4;4;4;4;4;4;4;1;4;4;2;2;2;1;5;5;5;5;1;5;5;5;4;4;4;4;4;4;4;5;5;2;5;5;5;5;5;1;1;2;1;1;4;2;4;4;1;1;3;2;1;2;1;1;1;1;2;4;52;2;1;2;2;4;1;2;4;2;2;4;4;1;1;1;1;2;2;1;1;2;1;2;1;4;2;4;1;1;5;5;5;5;5;5;1;1;1;1;4;4;5;5;1;1;1;1;1;1;1;1;1;2;2;2;2;2;2;1;1;2;4;1;4;2;8;2;2;2;2;2;2;2;2;2;2;2;2;4;4;4;4;4;4;4;4;4;4;4;4;4;4;4;4;4;4;1;1;2;;3;6;3;;;1;3
92;ROCAFUERTE;2;1;1;4;2;2;1;1;1;1;4;1;2;1;1;1;4;1;1;4;1;1;1;1;1;1;2;1;1;1;1;4;1;4;1;1;2;2;4;1;4;1;1;1;1;4;4;4;4;4;4;4;4;4;1;4;4;2;2;2;1;1;4;4;4;4;4;4;4;4;1;1;4;4;4;4;5;5;2;5;5;5;5;5;2;3;2;4;1;3;4;3;3;1;1;4;5;1;4;1;1;1;1;2;3;48;1;1;1;2;4;1;2;2;2;2;4;4;1;1;1;1;1;1;1;1;1;1;1;1;4;2;2;1;1;5;5;5;5;5;5;1;1;1;2;4;4;5;5;1;1;1;1;1;1;1;2;1;1;2;2;2;3;3;1;1;2;4;1;4;2;12;2;2;2;2;2;2;2;2;2;2;2;2;4;4;4;4;4;4;4;4;4;4;4;4;3;4;4;4;4;4;1;1;2;;3;6;6;1;;1;2
93;ROCAFUERTE;1;1;1;4;2;1;1;1;1;1;4;1;1;1;1;1;2;2;4;4;1;2;2;1;1;2;2;1;1;1;1;4;1;4;1;1;2;2;2;2;2;1;1;1;4;1;4;4;4;4;4;4;4;4;1;4;4;2;2;2;1;1;4;4;4;4;4;4;4;4;1;1;4;4;4;4;5;5;5;5;5;5;5;5;4;2;3;4;1;4;1;5;5;1;1;5;5;1;2;1;1;1;1;3;4;48;1;1;1;2;2;1;4;3;2;3;4;4;1;1;1;1;1;1;1;2;2;2;2;2;4;4;4;1;1;5;5;5;5;5;5;1;1;1;2;4;4;5;5;2;1;1;2;2;1;1;2;1;1;2;2;2;2;3;1;1;2;4;1;4;2;12;2;2;2;2;2;2;2;2;2;2;2;2;4;4;4;4;4;4;4;4;4;4;4;4;4;3;4;4;4;4;1;1;2;;3;6;3;;;1;2
94;SUCRE;1;1;1;4;1;1;1;1;1;1;4;1;1;1;1;1;2;1;4;4;1;2;2;1;1;2;2;1;4;1;1;1;1;1;1;1;1;2;2;1;2;1;1;1;4;1;4;4;4;4;4;4;4;4;1;4;4;2;2;2;4;4;4;4;4;1;1;4;4;4;4;4;4;4;4;4;5;5;5;5;5;5;5;5;2;2;4;4;1;4;1;5;5;1;1;5;5;1;2;1;1;1;1;4;5;48;1;1;1;2;2;1;4;3;2;4;4;4;1;2;1;1;2;1;1;1;1;1;1;1;4;4;4;1;1;5;5;5;5;5;5;1;1;1;2;4;4;5;5;1;1;1;1;1;1;1;2;1;1;2;2;2;2;3;1;1;2;4;2;4;2;1;2;2;1;1;2;2;2;2;2;2;1;2;4;4;4;4;4;4;4;4;4;4;4;4;3;4;4;4;4;4;1;1;2;;2;6;1;;;1;1
95;ROCAFUERTE;1;1;1;4;1;1;1;1;1;1;4;1;4;1;1;1;4;4;1;4;1;2;2;1;1;2;2;1;4;1;1;4;4;4;1;1;2;2;4;1;4;2;1;1;4;1;4;4;4;4;4;4;4;4;1;4;4;2;2;2;1;1;4;4;4;4;4;4;4;4;1;1;1;4;4;4;5;5;5;5;5;5;5;5;3;2;2;2;1;3;1;5;5;1;1;5;5;1;3;1;1;1;1;3;4;48;1;1;1;2;2;1;4;3;2;4;4;4;1;1;1;1;1;1;1;2;2;1;2;1;4;2;4;1;1;5;5;5;5;5;5;1;1;1;1;3;3;5;5;1;1;1;2;1;1;1;1;1;1;1;2;1;2;3;1;1;2;4;1;4;2;1;2;2;2;2;2;2;2;2;2;2;1;2;4;4;4;4;4;4;4;4;4;4;4;4;3;4;4;4;4;4;1;1;2;;3;6;3;;;1;2
96;ROCAFUERTE;1;1;1;4;1;1;1;1;1;1;4;1;1;1;1;1;4;4;1;4;1;1;1;1;1;1;2;1;1;1;1;1;1;1;1;1;2;2;2;1;2;1;1;1;1;1;4;4;4;4;4;4;4;4;1;4;4;2;2;2;1;1;4;4;4;4;4;4;4;4;1;1;1;4;4;4;5;5;5;5;5;5;5;5;3;2;4;3;1;4;1;5;5;1;1;5;5;1;3;1;1;1;1;3;4;48;1;1;1;2;2;1;4;3;2;4;4;4;1;1;1;1;1;1;1;1;1;1;1;1;4;4;4;1;1;5;5;5;5;5;5;1;1;1;2;3;3;5;5;1;1;1;1;1;1;1;2;1;1;2;2;2;2;3;1;1;2;4;2;4;2;1;1;1;1;1;1;1;2;1;1;1;1;1;4;4;4;4;4;4;4;4;4;4;4;4;4;4;4;4;4;4;2;1;2;;3;6;3;;;1;1
97;ROCAFUERTE;3;2;1;4;2;1;1;1;1;1;5;1;1;1;1;1;1;1;4;4;4;2;2;1;1;1;2;1;4;1;1;4;2;4;2;2;2;2;2;1;2;2;1;1;2;2;3;3;3;3;3;5;5;5;1;5;5;1;1;1;1;5;5;5;5;1;5;5;5;5;5;5;5;5;5;5;5;5;3;5;5;5;5;5;3;4;3;2;1;5;2;3;5;1;1;5;5;1;4;1;1;1;1;3;4;5;1;1;1;1;2;1;3;3;1;3;3;3;1;2;2;2;2;2;1;1;2;1;2;2;4;3;3;1;1;5;5;5;5;5;5;1;2;1;1;4;4;5;5;1;1;1;1;2;2;2;2;2;2;2;2;2;3;3;1;1;1;5;1;3;2;1;2;2;2;2;2;2;2;2;1;2;2;2;5;5;5;5;5;5;5;5;5;5;5;5;4;5;5;5;5;5;2;1;2;;3;6;6;;;1;2
98;PORTOVIEJO;1;1;1;5;1;1;1;1;1;1;1;1;3;1;1;1;2;4;1;4;1;1;1;1;2;1;2;1;1;1;1;4;4;4;1;1;1;2;2;2;1;2;2;1;4;2;4;4;4;4;4;5;5;5;5;5;5;5;5;5;1;5;5;5;5;1;5;5;5;5;5;5;5;5;5;5;5;5;2;2;5;5;5;5;1;2;2;1;1;3;4;1;1;1;1;1;1;1;3;1;1;1;1;3;1;52;1;1;1;1;2;1;2;1;1;2;3;3;1;1;1;1;1;1;1;1;2;2;1;1;3;4;2;1;1;5;5;5;5;5;5;1;1;1;1;2;2;5;5;1;1;1;2;5;5;5;5;5;5;1;2;2;2;1;1;1;1;5;1;5;2;8;1;1;1;1;1;2;3;2;1;1;1;2;5;5;5;5;5;2;2;5;5;5;5;5;1;5;5;5;5;5;1;1;2;;5;6;5;2;;1;4
99;ROCAFUERTE;2;2;1;3;3;1;1;1;1;2;5;1;1;1;1;1;1;1;3;3;3;2;2;2;1;2;2;1;1;1;1;1;1;1;1;1;2;2;2;1;1;2;1;2;2;1;5;5;5;5;5;5;5;5;1;1;5;2;2;2;5;5;5;5;5;1;5;5;5;5;1;5;5;5;5;5;5;5;5;5;5;5;5;5;3;2;4;4;1;3;3;5;5;2;1;5;5;1;3;1;1;1;2;4;4;46;2;1;2;1;2;1;3;3;2;3;4;3;1;2;3;2;3;1;1;2;2;2;2;2;3;4;4;2;2;5;5;5;5;5;5;1;1;1;2;4;4;5;5;1;1;1;1;2;1;1;1;1;1;2;2;3;2;3;1;1;4;4;1;5;1;8;2;2;2;2;2;2;2;2;2;2;2;2;5;5;5;5;5;5;5;5;5;5;5;5;4;5;5;5;5;5;1;1;2;;3;6;3;;;1;1
1;SUCRE;1;1;1;4;1;1;1;1;1;2;4;1;4;1;1;1;1;1;4;4;1;1;1;1;1;1;2;1;1;1;1;4;1;4;1;1;1;2;1;1;1;1;1;1;4;1;4;4;4;4;4;4;4;4;1;4;4;2;2;2;1;4;4;4;4;1;4;4;4;4;4;4;4;4;4;4;5;5;5;5;5;5;5;5;2;2;4;4;1;2;1;5;5;1;1;5;5;1;4;1;2;1;1;2;3;48;1;1;1;2;4;1;2;2;2;2;4;4;1;2;1;1;2;1;1;2;2;2;2;1;4;2;4;1;1;5;5;5;5;5;5;1;1;1;2;4;4;5;5;1;1;1;2;2;1;1;2;2;2;2;2;2;2;3;1;1;2;4;1;2;2;8;2;2;2;2;2;2;2;2;2;2;2;2;4;4;4;4;4;4;3;4;4;4;4;4;2;4;4;4;4;4;2;1;2;;3;6;3;;;1;2
11;ROCAFUERTE;3;1;1;1;2;1;1;1;1;2;5;1;3;1;1;1;3;2;3;3;2;2;2;1;1;2;2;1;1;1;1;1;1;1;1;1;2;2;2;1;3;2;1;2;5;1;5;5;5;5;5;5;5;5;1;5;5;2;2;2;1;5;5;5;5;5;5;5;5;5;1;5;5;5;5;1;2;2;5;5;5;5;5;5;2;3;3;1;1;4;1;4;5;1;1;5;2;1;4;1;1;1;2;4;4;44;1;1;1;1;2;1;3;3;2;4;4;4;1;1;1;1;1;1;1;2;3;1;2;1;4;3;4;1;1;5;5;5;5;4;5;1;2;1;2;2;3;5;5;1;1;1;1;2;1;1;2;1;1;2;3;2;2;3;1;1;3;3;1;4;3;15;1;1;1;1;2;2;2;2;2;2;1;2;5;5;5;5;5;5;3;5;5;5;5;5;2;4;5;5;5;5;1;1;2;;3;6;3;2;;1;3
12;PORTOVIEJO;1;1;1;5;4;1;1;1;1;2;4;1;3;1;1;1;4;1;1;4;1;2;2;2;1;2;2;1;1;1;1;1;1;1;1;1;1;2;2;1;2;1;1;1;4;4;1;4;4;1;4;4;4;4;1;4;4;2;2;2;1;4;4;4;4;1;4;4;4;4;4;4;4;4;4;4;5;5;2;5;5;5;5;5;2;4;2;3;1;4;1;3;5;1;1;5;5;1;5;1;1;1;1;2;3;52;1;1;1;2;2;1;4;2;2;2;4;4;1;1;1;1;1;1;1;1;2;1;1;1;4;2;2;1;1;5;5;5;5;5;5;1;2;1;2;3;4;5;5;1;1;1;2;1;1;1;2;1;1;2;3;3;2;3;1;1;1;4;1;2;2;14;2;2;1;1;2;2;2;2;1;2;1;2;4;4;4;4;4;4;4;4;4;4;4;4;4;4;4;4;4;4;1;1;2;;3;6;3;1;;1;3
13;PORTOVIEJO;1;1;1;3;4;2;2;1;1;2;5;1;1;1;1;1;3;1;4;4;1;1;1;1;1;1;2;1;1;1;1;4;4;4;1;1;1;2;3;2;3;2;1;1;2;2;4;4;4;2;4;5;5;5;1;5;5;2;2;2;1;5;5;5;5;5;5;5;5;5;1;5;5;1;5;5;5;5;5;5;5;5;5;5;3;3;4;2;1;4;2;5;5;1;1;5;5;1;4;1;1;1;2;3;4;48;1;1;1;2;3;1;3;4;3;4;4;4;1;3;2;2;3;1;1;2;2;2;1;2;3;3;4;1;1;5;5;5;5;5;5;1;1;1;2;3;4;5;5;1;1;1;1;1;1;1;2;2;1;2;2;2;2;2;1;1;3;4;1;4;2;11;2;2;2;2;2;2;2;2;2;2;1;2;5;5;5;5;5;5;5;5;5;5;5;5;2;5;5;4;5;5;2;1;2;;3;6;3;;;1;1
14;ROCAFUERTE;2;1;1;3;3;1;1;1;1;1;1;1;1;1;1;1;1;1;4;4;1;1;1;1;1;1;2;1;1;1;1;4;1;4;1;1;3;2;1;1;1;1;1;1;5;1;5;5;5;5;5;5;5;5;1;5;5;2;2;2;1;5;5;5;5;1;5;5;5;5;5;5;5;5;5;5;5;5;5;5;5;5;5;5;3;2;3;4;1;4;4;5;5;1;1;5;5;1;4;1;1;1;1;2;4;48;1;1;1;2;4;1;4;1;2;4;4;4;1;1;1;1;2;1;1;2;2;1;1;1;4;4;4;1;1;5;5;5;5;5;5;1;1;1;2;4;4;5;5;1;1;1;1;1;1;1;1;1;1;2;2;2;2;3;1;1;1;4;1;5;2;12;2;2;2;2;2;2;2;2;2;2;2;2;5;5;5;5;5;5;5;5;5;5;5;5;5;5;4;5;5;5;1;1;2;;3;6;4;1;;1;1
15;SUCRE;2;2;1;3;2;2;1;1;1;1;5;2;2;2;1;1;1;1;4;4;1;2;2;1;1;2;2;1;1;1;1;4;3;4;1;1;2;2;4;3;4;2;1;1;5;1;5;1;5;5;5;5;5;5;1;5;5;2;2;2;1;1;5;5;5;5;5;5;5;5;1;5;5;5;5;5;2;5;5;5;5;5;5;5;3;3;2;2;1;4;3;5;4;1;1;4;4;1;3;3;1;1;1;4;4;48;1;1;1;2;2;1;3;3;3;3;3;3;1;2;3;3;3;1;1;2;3;1;1;2;4;4;4;1;1;5;5;5;5;5;5;1;1;1;1;3;3;5;5;1;1;1;1;1;1;1;2;1;1;2;2;2;2;2;1;1;1;4;1;5;3;1;2;2;2;2;2;2;2;2;2;2;2;2;5;5;5;5;5;5;5;5;5;5;5;5;5;5;5;5;5;5;1;1;2;;3;6;3;;;1;1
16;SUCRE;1;1;1;3;3;1;1;1;1;1;5;1;3;1;1;1;4;1;4;4;1;1;1;1;1;1;2;1;1;1;1;1;1;1;1;1;2;2;2;1;3;1;1;1;2;5;5;2;5;5;5;5;5;5;1;5;5;2;2;2;1;1;5;5;5;5;5;5;5;5;1;5;5;5;1;1;2;5;5;5;5;5;5;5;3;2;3;2;1;4;3;4;4;1;1;4;5;1;4;1;1;1;1;4;5;48;1;1;1;1;2;1;3;3;2;3;3;3;2;2;1;1;2;1;1;1;1;1;1;1;3;4;4;1;1;5;5;5;5;5;5;1;1;1;1;4;4;5;5;1;1;1;1;1;1;1;1;1;1;2;2;2;3;3;1;1;4;4;1;4;2;15;2;2;2;2;2;2;2;2;2;2;1;2;5;5;5;5;5;5;5;5;5;5;5;5;3;5;5;5;5;5;1;1;2;;3;6;3;;;1;1
17;ROCAFUERTE;1;2;2;4;2;1;2;1;1;1;4;2;3;1;1;1;3;2;3;3;1;1;1;1;1;1;2;1;1;1;1;1;1;1;1;1;2;2;3;2;2;2;1;1;2;2;4;2;4;4;4;5;5;5;1;5;5;2;2;2;1;5;5;5;5;1;1;5;5;5;5;5;5;5;5;5;5;5;5;5;5;5;5;5;3;2;3;3;1;3;1;5;5;1;1;5;5;1;3;1;1;1;1;3;4;48;1;1;1;1;2;1;3;3;3;4;4;5;1;1;1;1;3;1;1;1;1;1;1;1;3;4;4;1;1;5;5;5;5;5;5;1;1;1;2;4;4;5;5;1;1;1;1;2;1;1;1;1;1;1;2;2;2;2;1;1;5;5;1;3;2;19;1;1;1;1;2;2;2;2;2;2;1;2;5;5;5;5;5;5;3;5;5;5;5;5;5;5;5;5;5;5;1;1;2;;3;6;3;1;;1;1
18;ROCAFUERTE;2;2;1;3;3;1;1;1;1;2;5;1;2;1;1;1;3;3;3;3;1;1;1;1;1;1;2;1;4;1;1;1;1;1;1;1;2;2;2;1;2;2;1;2;1;2;5;5;5;5;5;5;5;5;1;5;5;2;2;2;1;5;5;5;5;5;1;5;5;5;1;5;5;5;5;1;2;2;5;5;5;5;5;5;2;1;2;1;1;4;2;4;4;1;1;2;5;1;3;1;1;1;2;4;4;45;1;1;1;1;2;1;4;2;2;3;3;3;1;3;3;2;2;2;1;3;3;1;1;1;4;3;2;1;1;5;5;5;5;5;5;2;2;1;2;4;4;5;5;1;1;1;1;1;1;1;2;1;1;2;2;2;2;2;1;1;3;4;1;5;3;11;2;2;2;2;2;2;2;2;2;2;2;2;5;5;5;5;5;5;2;5;5;5;5;5;1;5;5;5;5;5;1;1;2;;3;6;3;;;1;1
19;SUCRE;2;2;1;4;2;1;1;1;1;2;5;1;3;2;1;2;1;2;3;4;1;1;2;1;1;1;2;1;1;1;1;1;1;1;1;1;2;2;1;1;3;1;1;1;4;1;4;4;4;4;4;5;5;5;1;5;5;1;1;1;1;5;5;5;5;5;5;5;5;3;1;4;4;4;4;4;5;5;5;5;5;5;5;5;4;3;4;5;1;3;3;5;5;1;1;5;5;1;3;1;1;1;2;3;2;54;1;2;2;1;3;1;3;3;2;3;3;3;1;2;2;1;2;1;1;2;2;2;2;2;4;4;4;1;1;5;5;5;5;5;5;1;2;1;1;4;5;5;5;1;1;1;1;2;2;1;2;2;2;2;2;2;2;3;1;3;1;4;1;4;2;1;2;2;1;1;2;2;2;2;2;2;1;2;5;5;5;5;5;5;5;5;5;5;5;5;1;5;5;5;5;5;1;1;2;;3;6;3;;;1;2
11;ROCAFUERTE;1;1;1;4;1;1;1;1;1;1;1;1;1;1;1;1;1;1;2;2;2;1;1;1;1;1;2;2;2;2;2;2;2;2;2;2;1;2;1;1;2;1;1;1;1;1;1;1;1;1;1;4;4;4;1;4;4;1;1;1;1;4;4;4;4;4;4;4;4;1;1;1;1;1;1;1;4;4;2;4;4;4;4;4;2;2;3;3;1;3;2;4;4;4;1;4;2;1;1;1;1;1;1;4;4;48;2;2;2;2;2;2;4;4;4;4;4;4;1;1;1;1;1;1;1;1;1;1;1;1;4;1;4;1;1;5;5;5;5;5;5;4;1;1;2;1;1;4;4;4;1;1;1;1;1;1;1;1;1;1;1;1;1;1;1;1;1;1;1;4;2;13;2;2;2;2;2;2;2;2;2;2;2;2;4;4;4;4;4;4;4;4;4;4;4;4;4;4;4;4;4;4;2;1;2;;3;6;1;1;;1;1
111;SUCRE;1;1;1;4;1;1;1;1;1;1;1;1;1;1;1;1;1;1;1;1;1;1;1;1;1;1;2;2;2;2;2;4;2;2;2;2;1;2;2;1;2;1;1;1;1;1;1;1;1;1;1;4;4;4;2;4;4;1;1;1;1;4;4;4;4;4;4;4;4;1;1;1;1;1;1;1;4;4;2;4;4;4;4;4;2;2;4;4;1;4;4;4;4;4;1;4;2;1;1;1;1;1;1;4;4;52;2;2;2;2;2;1;4;4;4;4;4;4;1;1;1;1;1;1;1;1;1;1;1;1;4;2;4;2;1;5;5;5;5;5;5;4;1;1;2;1;1;4;4;4;1;1;1;1;1;1;1;1;1;1;1;1;1;1;1;1;1;1;1;4;2;12;1;2;2;2;2;2;2;2;2;2;2;2;4;4;4;4;4;4;4;4;4;4;4;4;4;4;4;4;4;4;1;1;2;;2;6;3;;;1;1
112;SUCRE;1;1;1;4;1;1;1;1;2;2;1;2;2;2;2;2;2;2;1;1;1;1;1;1;1;1;2;2;2;2;2;4;1;1;1;1;1;2;2;2;2;2;2;2;1;1;1;1;1;1;1;4;4;4;1;1;4;2;2;2;1;1;4;4;4;4;4;4;4;1;1;1;1;1;1;1;4;4;4;4;4;4;4;4;4;4;4;4;2;4;4;4;4;4;1;2;4;1;1;1;1;1;1;4;4;54;1;1;1;2;2;1;4;4;4;4;4;4;1;1;1;1;1;1;1;1;1;1;1;1;4;2;2;2;2;5;5;5;5;5;5;2;1;1;1;1;1;4;4;4;1;1;1;1;1;1;1;1;1;1;1;1;1;1;2;1;1;4;1;4;2;11;2;2;2;2;2;2;2;2;2;2;2;2;4;4;4;4;4;4;4;4;4;4;4;4;4;4;4;4;4;4;2;1;2;;3;6;3;;;1;2
113;ROCAFUERTE;1;1;1;4;1;1;1;1;1;1;1;1;1;1;1;1;1;1;2;2;2;1;1;1;1;1;2;2;2;2;2;2;2;2;2;2;1;2;2;1;2;1;1;1;1;1;1;1;1;1;1;4;4;4;1;4;4;1;1;1;1;4;4;4;4;4;4;4;4;1;1;1;1;1;1;1;2;4;2;4;4;4;4;4;2;2;4;2;1;4;4;4;4;4;1;4;2;1;1;1;1;1;1;4;4;5;2;2;2;2;2;1;4;4;4;4;4;4;1;1;1;1;1;1;1;1;1;1;1;1;4;1;4;1;1;5;5;5;5;5;5;4;1;1;2;1;1;4;4;4;1;1;1;1;1;1;1;1;1;1;1;1;1;1;1;1;1;1;1;4;2;12;1;2;2;2;2;2;2;2;2;2;2;2;4;4;4;4;4;4;4;4;4;4;4;4;4;4;4;4;4;4;2;1;2;;3;6;1;;;1;1
114;SUCRE;1;1;1;1;1;1;1;1;1;1;1;1;1;1;1;1;1;1;1;1;1;1;1;1;1;1;2;2;2;2;2;2;2;2;2;1;1;2;1;1;1;1;1;1;1;1;1;1;1;1;1;4;4;4;1;4;4;1;1;1;1;4;4;4;4;4;4;4;4;1;1;1;1;1;1;1;4;4;1;4;4;4;4;4;2;2;4;4;1;4;4;4;4;4;1;4;2;1;1;1;1;1;1;4;4;52;2;2;2;2;2;1;4;4;4;4;4;4;1;1;1;1;1;1;1;1;1;1;1;1;4;2;4;2;2;5;5;5;5;5;5;4;1;1;2;1;1;4;4;4;4;1;1;1;1;1;1;1;1;1;1;1;1;1;1;1;1;1;1;4;2;12;1;2;2;2;2;2;2;2;2;2;2;2;4;4;4;4;4;4;4;4;4;4;4;4;4;4;4;4;4;4;1;1;2;;3;6;3;;;1;1
115;SUCRE;1;1;1;4;1;1;1;1;1;1;1;1;1;1;1;1;1;1;2;2;2;1;1;1;1;1;2;2;2;2;2;2;2;2;2;2;2;2;1;1;1;1;1;1;1;1;1;1;1;1;1;4;4;4;1;4;4;2;2;2;1;4;4;4;4;4;4;4;4;1;1;1;1;1;1;1;2;4;4;4;4;4;4;4;2;2;4;4;1;4;4;4;4;4;1;4;4;1;1;1;1;1;1;4;4;48;1;1;1;1;1;1;4;4;4;4;4;4;1;1;1;1;1;1;1;1;1;1;1;1;4;1;4;1;1;5;5;5;5;5;5;1;1;1;1;1;1;4;4;4;1;1;1;1;1;1;1;1;1;1;1;1;1;1;1;1;1;1;1;4;2;14;2;2;2;2;2;2;2;2;2;2;2;2;4;4;4;4;4;4;4;4;4;4;4;4;4;4;4;4;4;4;1;1;2;;3;6;1;1;;1;1
116;ROCAFUERTE;1;1;1;4;1;1;1;1;1;1;1;1;1;1;1;1;1;1;1;1;1;1;1;1;1;1;2;2;1;1;1;1;1;1;1;1;1;2;1;1;1;1;1;1;1;1;1;1;1;1;1;4;4;4;1;4;4;2;2;2;1;4;4;4;4;4;4;4;4;1;1;1;1;1;1;1;2;4;4;4;4;4;4;4;2;2;4;4;1;4;4;4;4;4;1;4;4;1;1;1;1;1;1;4;4;48;1;1;1;1;1;1;4;4;4;4;4;4;1;1;1;1;1;1;1;1;1;1;1;1;4;1;4;1;1;5;5;5;5;5;5;1;1;1;1;1;1;4;4;4;1;1;1;1;1;1;1;1;1;1;1;1;1;1;1;1;1;1;1;4;2;13;2;2;2;2;2;2;2;2;2;2;2;2;4;4;4;4;4;4;4;4;4;4;4;4;4;4;4;4;4;4;1;1;2;;3;6;3;;;1;1
117;ROCAFUERTE;3;2;1;4;1;3;1;1;1;2;5;1;1;1;1;1;1;4;4;4;1;1;1;1;1;1;2;1;3;1;1;1;1;3;1;1;2;2;2;1;3;1;1;1;2;3;3;3;3;3;3;5;5;5;1;5;5;2;2;2;5;5;5;5;5;1;5;5;5;5;5;5;5;5;5;5;5;5;5;5;5;5;5;5;3;4;4;4;1;4;2;5;5;2;2;5;5;1;3;1;1;1;2;5;4;48;1;1;1;1;3;1;3;4;3;4;4;4;1;1;1;2;2;2;2;2;1;1;1;3;4;2;2;1;1;5;5;5;5;5;5;1;2;1;3;3;3;5;5;1;1;1;1;2;1;1;1;1;1;2;2;1;3;1;1;1;4;5;1;5;1;15;2;2;1;1;2;2;2;2;2;2;1;2;5;5;5;5;5;5;5;5;5;5;5;5;3;5;5;5;5;5;1;1;2;;4;6;4;;;1;1
118;ROCAFUERTE;2;2;1;4;3;1;1;1;1;2;4;2;3;1;1;1;1;1;3;3;1;1;2;1;1;1;2;1;4;1;1;1;1;1;1;1;2;2;4;2;4;2;1;1;5;1;5;5;5;5;5;5;5;5;1;1;5;2;2;2;1;5;5;5;5;5;5;5;5;5;1;5;5;5;1;5;5;5;5;5;5;5;5;5;2;2;3;4;1;4;2;5;5;1;1;5;5;1;3;2;1;1;2;3;3;44;1;1;1;1;2;1;3;2;2;3;4;4;1;1;1;1;1;1;1;2;3;1;2;1;3;3;4;1;1;5;5;5;5;5;5;1;1;1;2;4;4;5;5;1;1;2;2;2;1;1;1;1;1;2;2;2;2;3;2;1;3;3;2;3;2;25;1;1;1;1;2;2;2;2;1;1;1;2;5;5;5;5;5;5;3;5;5;5;5;5;3;5;5;5;5;5;2;1;2;;3;5;3;2;;1;4
119;ROCAFUERTE;2;2;2;4;2;1;1;1;1;2;5;2;2;2;1;1;2;1;3;3;1;2;2;2;2;2;2;1;4;1;1;4;4;4;1;1;2;2;1;2;2;1;1;1;2;1;4;4;4;4;4;5;5;5;1;5;5;2;2;2;5;5;5;5;5;1;1;5;5;5;1;5;5;5;5;5;5;4;5;5;5;5;5;5;3;2;3;3;2;4;1;5;5;1;1;5;4;1;3;1;1;1;1;3;3;45;1;1;1;1;1;1;2;4;1;3;3;3;1;2;2;2;2;1;1;2;3;2;1;3;4;4;4;1;1;5;5;5;5;5;5;1;1;1;2;4;4;5;5;1;1;1;1;2;1;1;1;1;1;2;2;2;2;2;1;1;3;4;1;5;2;11;2;2;2;2;2;2;2;2;2;2;2;2;5;5;5;5;5;5;5;5;5;5;5;5;1;4;5;5;5;5;1;1;2;;3;6;3;;;1;2
12;ROCAFUERTE;1;1;1;4;1;1;1;1;1;1;1;1;2;1;1;1;2;1;2;2;2;1;1;1;1;1;2;1;1;1;1;4;4;1;2;2;1;2;2;1;2;1;1;1;1;2;1;1;1;1;1;4;4;4;2;2;4;2;2;2;1;4;4;4;4;4;4;4;4;4;4;4;1;4;1;1;2;4;4;4;4;4;4;4;2;4;2;2;2;4;4;2;4;4;1;2;4;4;1;1;1;1;1;4;4;48;1;1;1;1;1;1;4;4;4;4;4;4;2;2;2;2;2;2;1;1;1;1;1;1;4;2;4;1;1;4;4;4;4;4;4;4;2;2;2;2;2;4;4;4;1;1;1;1;1;1;1;1;1;1;1;1;1;1;1;1;1;4;1;4;2;8;2;2;2;2;2;2;2;2;2;2;2;2;4;4;4;4;4;4;4;4;4;4;4;4;4;4;4;4;4;4;2;1;2;;3;6;6;;;1;2
121;SUCRE;1;1;1;1;1;1;1;1;1;1;1;1;1;1;1;1;1;1;1;1;1;1;1;1;1;1;2;2;2;2;2;2;2;2;2;1;1;2;1;1;1;1;1;1;1;1;1;1;1;1;1;4;4;4;1;4;4;2;2;2;1;4;4;4;4;4;4;4;4;1;1;1;1;1;1;1;4;4;2;4;4;4;4;4;2;2;4;4;1;4;4;4;4;4;1;4;2;1;1;1;1;1;1;4;4;52;2;2;2;2;2;1;2;4;4;4;4;4;1;1;1;1;1;1;1;1;1;1;1;1;4;1;4;1;1;5;5;5;5;5;5;2;2;2;2;2;2;4;4;4;1;1;1;1;1;1;1;1;1;1;1;1;1;1;1;1;1;1;1;4;2;13;2;2;2;2;2;2;2;2;2;2;2;2;4;4;4;4;4;4;4;4;4;4;4;4;4;4;4;4;4;4;1;1;2;;2;6;3;;;1;2
122;ROCAFUERTE;1;1;1;4;1;1;1;1;1;1;1;1;2;1;1;1;1;1;1;1;1;1;1;1;1;1;2;1;1;1;1;4;2;1;1;1;1;2;1;2;1;1;1;1;2;2;2;2;2;2;2;4;4;4;1;4;4;1;1;1;1;4;4;4;4;4;4;4;4;4;4;4;1;4;1;1;2;4;4;4;4;4;4;4;1;4;4;1;1;4;4;4;2;4;1;2;1;1;1;1;1;1;1;2;4;9;2;4;2;4;2;2;4;4;4;4;4;4;1;2;2;2;2;2;1;1;1;1;1;1;4;2;2;1;1;5;5;5;5;5;5;4;2;2;2;2;2;4;4;4;1;1;1;1;1;1;1;1;1;1;1;1;1;1;1;1;1;4;1;4;2;12;1;2;2;1;2;2;2;2;2;2;2;2;4;4;4;4;4;2;4;4;4;4;4;4;4;4;4;4;4;4;1;1;2;;3;6;3;1;;1;2
123;ROCAFUERTE;1;1;1;5;1;2;1;1;1;1;4;1;3;1;1;2;3;2;3;3;2;1;1;1;2;1;2;1;1;1;1;4;1;4;1;1;1;2;2;1;4;1;1;1;1;1;4;4;4;4;4;4;4;4;1;4;4;2;2;2;1;1;5;5;5;5;5;5;5;4;1;3;2;4;1;1;2;2;2;5;5;5;5;5;1;1;2;1;1;4;4;3;4;1;1;2;2;1;4;1;1;1;1;3;4;52;2;2;2;2;3;1;3;2;2;3;3;3;1;1;1;1;1;1;1;2;2;1;2;1;4;3;4;1;1;5;5;5;5;5;5;1;1;1;1;3;3;5;5;1;1;1;1;1;1;1;1;1;1;2;2;2;2;2;2;1;2;4;1;4;1;11;2;2;1;1;2;2;2;2;1;2;2;2;5;5;5;5;5;5;4;5;4;5;5;5;1;4;5;5;5;5;1;1;2;;2;6;1;;;1;1
124;ROCAFUERTE;1;1;1;4;1;3;1;1;1;2;1;1;1;1;1;1;2;1;2;2;1;1;1;2;2;2;2;1;1;1;1;4;1;4;1;1;1;2;2;1;2;1;1;1;1;1;5;5;5;1;5;5;5;5;1;5;5;2;2;2;1;5;5;5;5;1;5;1;5;5;5;5;5;5;5;5;2;5;5;5;5;5;5;5;3;2;2;2;1;3;3;2;4;1;1;5;3;1;4;1;1;1;2;2;3;48;1;1;1;1;4;1;3;2;1;3;3;3;1;1;1;1;1;1;1;2;3;1;2;1;3;4;4;1;1;5;5;5;5;5;5;1;2;1;1;4;3;5;5;1;1;1;2;1;1;1;2;1;1;2;2;1;2;1;1;1;4;5;1;5;2;12;2;2;2;1;1;2;2;2;1;2;1;2;5;5;5;5;5;5;5;5;5;5;5;5;2;4;5;5;5;5;1;1;2;;3;6;3;;;1;1
125;ROCAFUERTE;1;1;1;5;1;2;1;1;1;2;4;1;5;1;1;1;1;1;3;3;1;2;2;1;1;2;2;1;4;1;1;4;1;4;1;1;1;2;2;1;3;1;1;1;4;4;4;4;4;4;4;5;5;5;1;5;5;2;2;2;1;1;5;5;5;1;5;5;5;5;5;5;5;5;5;5;1;1;5;5;5;5;5;5;1;1;1;1;1;4;4;3;3;2;1;3;3;1;4;1;1;1;2;4;4;5;2;2;2;2;3;1;3;3;2;3;3;3;1;1;2;1;2;1;1;3;3;1;1;1;5;4;4;1;1;5;5;5;5;5;5;1;1;1;1;2;3;5;5;1;1;1;3;1;1;1;2;2;1;2;2;2;3;1;1;1;4;1;1;5;2;1;2;2;1;1;2;2;2;2;2;2;1;2;5;5;5;5;5;5;5;5;5;5;5;5;3;4;4;5;5;5;1;1;2;;2;6;3;2;;1;1
126;ROCAFUERTE;2;1;1;5;1;3;1;1;1;1;1;2;3;1;1;1;4;1;4;4;1;1;1;1;1;1;2;1;5;1;1;1;1;1;1;1;2;2;1;1;3;1;1;1;1;1;5;5;5;5;5;5;5;5;1;1;5;2;2;2;1;1;5;5;5;5;5;5;5;4;1;1;1;4;1;1;5;5;5;5;5;5;5;5;3;3;3;3;1;4;2;5;5;1;1;5;5;1;4;1;1;1;2;3;4;48;1;1;1;1;2;1;3;2;1;3;3;3;1;1;1;1;1;1;1;3;3;1;1;1;5;4;3;1;1;5;5;5;5;5;5;1;1;1;1;4;4;5;5;1;1;1;1;1;1;1;2;2;1;2;2;2;2;1;1;1;3;1;1;5;1;11;2;2;2;2;2;2;2;2;2;2;2;2;5;5;5;5;5;5;4;5;5;5;5;5;1;4;5;4;5;5;1;1;2;;3;6;3;;;1;1
127;ROCAFUERTE;1;2;1;5;1;1;1;1;1;1;1;1;1;1;1;1;1;1;4;4;1;2;2;1;1;2;2;1;1;1;1;1;1;1;1;1;2;2;2;1;3;1;1;1;1;1;5;5;5;5;5;5;5;5;1;1;5;2;2;2;1;5;5;5;5;1;5;5;5;5;5;5;5;5;5;5;5;5;5;5;5;5;5;5;3;3;3;3;1;4;3;5;5;1;1;5;5;1;5;1;1;1;2;3;4;48;1;1;1;1;1;2;3;3;2;3;3;4;1;1;1;1;1;1;1;2;2;1;2;2;4;4;4;1;1;5;5;5;5;5;5;1;1;1;1;4;4;5;5;1;1;1;1;2;1;1;3;1;1;1;2;2;2;1;1;1;4;4;1;3;2;8;2;2;1;1;2;2;2;2;1;2;2;2;5;5;5;5;5;5;5;5;5;5;5;5;1;4;5;5;5;5;1;1;2;;2;6;6;;;1;2
128;ROCAFUERTE;2;1;1;5;1;3;2;1;1;1;1;1;3;1;1;1;2;2;3;3;2;2;3;1;1;2;2;1;4;1;1;4;1;4;1;1;1;2;2;1;3;1;1;1;2;2;5;5;5;5;5;5;5;5;1;5;5;1;1;1;1;1;5;5;5;1;5;5;5;5;5;5;5;5;5;5;2;2;5;5;5;5;5;5;2;1;2;2;1;3;4;3;3;1;1;4;1;1;4;1;1;1;1;3;3;53;2;2;2;2;2;1;3;3;2;3;4;4;1;1;1;1;1;1;1;2;3;1;1;1;5;3;4;1;1;5;5;5;5;5;5;1;1;1;1;2;2;5;5;1;1;1;1;1;1;1;3;1;1;2;2;2;2;1;1;1;5;5;1;3;2;15;2;1;1;2;2;2;2;2;2;2;1;2;5;5;5;5;5;5;5;5;5;5;5;5;1;5;5;5;5;5;1;1;2;;3;6;3;4;;1;1
129;ROCAFUERTE;1;1;1;5;3;3;1;1;1;2;1;1;4;1;1;1;2;4;4;4;2;1;2;1;1;1;2;1;4;1;1;4;1;4;1;1;1;2;4;1;3;1;1;1;2;2;5;5;5;5;5;5;5;5;1;5;5;2;2;2;1;5;5;5;5;1;5;5;5;5;5;5;5;5;5;5;5;5;5;5;5;5;5;5;3;3;3;4;1;3;4;5;5;1;1;5;5;1;4;1;1;1;2;3;3;56;1;2;2;1;3;1;3;2;2;3;4;4;1;1;1;1;1;1;1;2;3;1;1;1;5;4;4;1;1;5;5;5;5;5;5;1;1;1;1;4;4;5;5;1;1;1;1;1;1;1;2;1;1;1;2;2;2;1;1;1;4;4;1;5;2;9;2;2;2;1;2;2;2;2;1;2;2;2;5;5;5;5;5;5;5;5;5;5;5;5;1;4;5;5;5;5;1;1;2;;3;6;3;;;1;2
13;SUCRE;2;2;1;4;2;2;1;1;1;1;1;1;4;1;1;1;2;1;4;4;1;1;1;1;1;1;2;1;4;1;1;1;1;1;1;1;1;2;3;1;2;1;1;1;2;2;3;5;5;5;5;5;5;5;1;5;5;2;2;2;1;1;5;5;5;1;5;5;5;5;5;5;5;5;5;5;5;5;5;5;5;5;5;5;3;3;3;4;1;3;5;5;5;1;1;5;5;1;4;1;1;1;1;3;4;53;1;1;1;1;3;1;3;3;2;3;4;4;1;1;1;1;1;1;1;1;1;1;1;1;5;2;4;1;1;5;5;5;5;5;5;1;1;1;1;4;4;5;5;1;1;1;1;1;1;1;2;1;1;2;2;2;3;1;1;1;1;4;1;4;2;11;2;2;1;1;2;2;2;2;1;2;2;2;5;5;5;5;5;5;5;5;5;5;5;5;1;5;5;5;5;5;2;1;2;;3;5;3;;;1;2
131;SUCRE;2;1;1;4;1;2;1;1;1;1;4;1;4;1;1;1;3;1;4;4;1;1;1;1;1;1;2;1;4;1;1;1;4;1;1;1;1;2;1;1;1;1;1;1;5;1;5;5;5;5;5;5;5;5;1;5;5;1;1;1;1;1;5;5;5;5;5;5;5;4;1;1;1;4;1;4;2;2;2;5;5;5;5;5;2;5;2;1;1;3;5;5;5;1;1;5;1;1;3;1;1;1;1;3;4;48;1;1;1;1;2;1;3;3;1;4;4;4;1;1;1;1;1;1;1;2;3;1;1;1;5;3;4;1;1;5;5;5;5;5;5;1;1;1;1;4;4;5;5;1;1;1;1;1;1;1;2;2;1;1;2;2;2;2;1;1;3;4;1;4;1;8;2;2;1;1;2;2;2;2;2;2;1;2;5;5;5;5;5;5;5;5;5;5;5;5;1;4;5;5;5;5;1;1;2;;3;6;3;;;1;1
132;ROCAFUERTE;2;1;1;5;1;2;1;1;1;1;1;1;1;1;1;1;1;2;4;4;1;1;1;1;1;1;2;1;4;1;1;1;1;1;1;1;1;2;2;1;3;1;1;1;2;2;5;5;5;5;5;5;5;5;1;5;5;2;2;2;1;1;5;5;5;1;5;5;5;5;5;5;5;5;5;5;1;1;3;5;5;5;5;5;2;1;2;2;1;3;5;4;3;1;1;5;2;1;4;1;1;1;1;3;4;5;2;2;2;1;3;1;3;3;2;3;4;4;1;1;1;1;1;1;1;1;1;1;2;1;4;3;4;1;1;5;5;5;5;5;5;1;1;1;1;1;3;5;5;1;1;1;1;1;1;1;2;1;1;2;2;2;3;1;1;1;2;4;1;4;2;1;2;2;2;2;2;2;2;2;2;2;2;2;5;5;5;5;5;5;5;5;5;5;5;5;1;5;5;5;5;5;1;1;2;;3;6;3;;;1;1
133;ROCAFUERTE;1;1;1;4;2;2;1;1;1;1;4;2;2;2;1;1;2;2;4;4;2;1;1;1;1;1;2;2;1;1;1;1;1;1;1;1;2;2;3;1;4;1;1;1;2;2;5;5;5;5;5;5;5;5;1;5;5;2;2;2;1;5;5;5;5;1;5;1;5;5;5;5;5;5;5;5;5;5;5;5;5;5;5;5;3;2;3;3;1;4;5;5;5;1;1;5;5;1;3;1;1;1;1;3;4;48;1;1;1;1;3;1;3;3;2;4;4;4;1;1;1;1;1;1;1;2;2;1;2;2;4;4;4;1;1;5;5;5;5;5;5;1;1;1;1;4;4;5;5;1;1;1;1;1;1;1;2;2;1;2;2;2;2;3;1;1;1;4;1;4;2;12;2;2;2;2;2;2;2;2;2;2;1;2;5;5;5;5;5;5;5;5;5;5;5;5;1;5;5;5;5;5;1;1;2;;4;6;1;;;1;1
134;ROCAFUERTE;2;2;1;4;1;2;1;1;1;2;4;1;3;1;1;1;4;1;4;4;1;2;1;1;1;2;2;2;4;1;1;4;2;4;1;1;1;2;2;1;3;1;1;1;2;2;5;5;5;5;5;5;5;5;1;5;2;2;2;2;1;5;5;5;5;5;5;1;5;5;1;5;5;5;5;5;5;5;5;5;5;5;5;5;3;2;3;2;1;4;5;5;5;1;1;5;2;1;3;1;1;1;2;3;4;53;1;2;2;1;2;1;3;3;2;3;4;4;1;1;1;1;1;1;1;2;2;1;2;2;5;4;4;1;1;5;5;5;5;5;5;1;1;1;1;2;3;5;5;2;1;1;1;1;1;1;2;2;1;2;2;2;2;2;1;1;3;4;1;4;3;1;2;2;1;1;2;2;2;2;1;2;1;2;5;5;5;5;5;5;5;5;5;5;5;5;2;5;5;5;5;5;1;1;2;;3;6;3;;;1;2
135;ROCAFUERTE;1;1;1;4;2;2;1;1;1;2;4;1;1;1;1;1;1;1;4;4;1;1;1;1;1;1;2;1;1;1;1;1;1;1;1;1;2;2;4;2;4;2;1;1;1;4;4;1;4;4;4;4;4;4;1;4;4;2;2;2;1;4;4;4;4;4;4;4;4;4;1;4;4;1;4;4;5;5;5;5;5;5;5;5;4;5;4;5;1;4;1;5;5;1;1;5;1;1;2;1;1;1;1;2;4;48;1;1;1;2;2;1;4;4;2;4;4;4;1;2;1;1;2;2;1;1;1;1;1;1;4;2;2;1;1;5;5;5;5;5;5;1;1;1;2;2;2;5;5;1;1;1;1;2;1;1;1;1;1;2;2;2;2;3;1;1;4;4;1;4;2;1;2;2;2;2;2;2;2;2;2;2;2;2;4;4;4;4;4;4;4;4;4;4;4;4;4;4;4;4;4;4;2;1;2;;4;6;4;;;1;1
136;ROCAFUERTE;1;1;1;4;4;2;1;1;1;2;4;2;2;2;2;2;4;1;4;4;1;2;2;1;1;1;2;1;4;1;1;4;4;4;1;1;2;2;2;2;2;2;1;1;1;1;4;4;4;1;4;4;4;4;1;4;4;2;2;2;4;4;4;4;4;1;4;4;4;4;1;4;4;4;4;4;5;5;5;5;5;5;5;5;3;1;3;4;1;2;2;5;5;1;1;5;5;1;4;1;1;1;1;4;4;48;1;1;1;1;4;1;2;4;2;4;4;4;1;1;1;1;2;1;1;2;2;2;2;1;4;4;4;1;1;5;5;5;5;5;5;1;1;1;2;4;4;5;5;1;1;1;1;2;2;1;2;2;1;2;2;2;2;2;1;1;4;4;4;4;2;1;2;2;1;1;2;2;2;2;2;2;2;2;4;4;4;4;4;4;4;4;4;4;4;4;4;4;4;4;4;4;1;1;2;;3;6;1;;;1;1
137;SUCRE;1;1;1;4;1;1;1;1;1;1;4;1;4;1;1;1;4;1;4;4;1;2;2;1;1;2;2;1;1;1;1;1;1;1;1;1;2;2;1;1;1;1;1;1;4;1;4;1;4;4;4;4;4;4;1;4;4;1;1;1;1;4;4;4;4;1;1;4;4;4;4;4;4;4;4;4;5;5;5;5;5;5;5;5;2;1;4;5;1;2;1;3;4;1;1;5;5;1;4;1;1;1;1;2;4;48;1;1;1;2;4;1;2;3;3;4;4;4;1;1;1;1;1;1;1;1;1;1;1;1;4;2;4;1;1;5;5;5;5;5;5;1;1;1;2;4;4;5;5;1;1;1;1;1;1;1;2;2;2;2;2;2;3;3;1;1;1;4;2;4;2;1;2;2;2;2;2;2;2;2;2;2;1;2;4;4;4;4;4;4;4;4;4;4;4;4;4;4;4;4;4;4;1;1;2;;3;6;3;;;1;2
138;ROCAFUERTE;1;1;1;4;1;1;1;1;1;1;4;1;2;2;1;1;4;1;4;4;1;2;2;1;1;2;2;1;4;1;1;2;1;2;1;1;2;2;2;1;2;2;2;1;1;1;4;4;4;4;4;4;4;4;1;4;4;2;2;2;1;1;4;4;4;1;4;4;4;4;4;4;4;4;4;4;5;5;5;5;5;5;5;5;2;2;3;3;1;4;2;4;4;1;1;5;5;1;3;1;1;1;1;2;3;5;1;1;1;2;4;1;2;2;2;3;4;4;1;1;1;1;1;1;1;1;1;1;1;1;4;4;4;1;1;5;5;5;5;5;5;1;1;1;2;2;4;5;5;1;1;1;1;1;1;1;2;1;1;2;2;2;2;3;1;1;1;4;1;4;2;1;2;2;1;1;2;2;2;2;1;2;1;2;4;4;4;4;4;4;4;4;4;4;4;4;4;4;4;4;4;4;1;1;2;;2;6;1;;;1;1
139;SUCRE;1;1;1;4;1;4;1;1;1;2;4;1;1;1;1;1;1;1;4;4;1;1;1;1;1;1;2;1;1;1;1;1;1;1;1;1;1;2;4;1;4;1;1;1;1;4;4;1;4;4;4;4;4;4;1;1;4;2;2;2;1;1;4;4;4;4;4;4;4;4;1;1;4;4;4;4;5;5;5;5;5;5;5;5;3;5;4;4;1;4;1;3;4;1;1;5;2;1;2;1;1;1;1;2;3;48;1;1;1;2;2;1;4;1;1;1;4;4;1;1;1;1;1;1;1;2;2;1;1;1;4;2;2;4;1;5;5;5;5;5;5;1;1;1;2;2;2;5;5;1;1;1;2;1;1;1;2;1;1;2;2;2;2;3;1;1;2;4;1;4;2;15;2;2;1;1;2;1;2;2;2;2;2;2;4;4;4;4;4;4;4;4;4;4;4;4;4;4;4;4;4;4;2;1;2;;4;6;3;;;1;1
14;ROCAFUERTE;1;1;1;4;2;1;1;1;1;2;2;1;2;2;1;1;1;1;4;4;1;1;1;1;1;1;2;1;1;1;1;2;1;2;1;1;2;2;1;1;1;2;1;1;4;1;4;1;4;4;4;4;4;4;1;4;4;2;2;2;4;4;4;4;4;1;1;4;4;4;4;4;4;4;4;4;2;2;5;5;5;5;5;5;2;1;3;4;1;4;1;5;5;1;1;5;5;1;4;1;1;1;1;4;3;52;1;1;1;2;2;1;4;3;2;3;4;4;1;2;1;1;2;1;1;1;1;1;1;1;4;2;4;1;1;5;5;5;5;5;5;1;1;1;2;2;3;5;5;1;1;1;1;1;1;1;2;1;1;2;2;2;3;3;1;1;1;4;1;2;2;12;2;2;1;1;2;2;2;2;2;2;1;2;4;4;4;4;4;4;4;4;4;4;4;4;4;4;4;4;4;4;1;1;2;;3;6;3;;;1;1
141;ROCAFUERTE;1;1;1;4;2;1;1;1;1;4;4;1;2;1;1;2;4;4;1;4;1;1;1;1;1;1;2;1;1;1;1;2;2;2;1;1;2;2;2;2;2;2;1;1;4;1;1;1;4;1;4;4;4;4;1;4;4;2;2;2;1;4;4;4;4;1;4;4;4;4;4;4;4;4;4;4;2;2;5;5;5;5;5;5;2;4;3;1;1;3;1;3;3;1;1;5;5;1;4;1;1;1;1;2;3;52;2;2;2;2;4;1;2;2;2;3;4;4;1;1;1;1;1;2;1;1;1;1;1;1;4;2;3;1;1;5;5;5;5;5;5;1;1;1;2;2;2;5;5;1;1;1;1;1;1;1;1;1;1;2;2;3;3;3;1;1;1;4;1;2;2;15;2;2;1;1;2;2;2;2;2;2;1;2;4;4;4;4;4;4;4;4;4;4;4;4;4;4;4;4;4;4;2;1;2;;3;6;4;2;;1;1
142;ROCAFUERTE;1;1;1;4;1;1;1;1;1;2;4;2;4;1;1;2;4;1;4;4;1;2;2;1;1;1;2;1;1;1;1;4;1;4;1;1;2;2;4;2;4;2;1;2;1;4;4;1;4;4;4;4;4;4;1;4;4;2;2;2;1;1;4;4;4;4;1;4;4;4;1;4;4;4;4;4;2;2;5;5;5;5;5;5;2;4;5;1;1;4;3;3;3;1;1;4;1;1;4;2;1;1;1;2;3;48;1;1;1;2;4;1;2;2;2;3;4;4;1;1;2;2;2;1;1;2;2;1;1;1;4;2;4;1;1;5;5;5;5;5;5;1;1;1;1;2;3;5;5;1;1;1;1;1;1;1;2;1;1;2;2;2;2;2;1;1;2;4;2;2;2;1;2;2;2;2;2;2;2;2;2;2;2;2;4;4;4;4;4;4;4;4;4;4;4;4;4;4;4;4;4;4;1;1;2;;3;6;3;;;1;1
143;ROCAFUERTE;1;1;1;1;1;1;1;1;1;2;4;1;1;1;1;1;4;1;4;4;1;2;2;2;2;2;2;1;1;1;1;1;1;1;1;1;2;2;2;2;2;2;1;1;1;1;4;1;4;4;4;4;4;4;1;4;4;2;2;2;1;1;4;4;4;4;4;4;4;4;1;1;4;4;4;4;5;5;5;5;5;4;5;5;3;2;3;4;1;4;2;5;5;1;1;5;5;1;3;1;1;1;1;2;4;48;1;1;1;1;2;1;4;3;2;2;4;4;1;1;1;1;1;1;1;1;1;1;1;1;4;4;4;1;1;5;5;5;5;5;5;1;1;1;1;2;4;5;5;1;1;1;1;2;2;1;1;1;1;2;2;2;2;2;1;1;2;4;1;4;2;11;2;2;2;2;2;2;2;2;2;2;2;2;4;4;4;4;4;4;4;4;4;4;4;4;4;4;4;4;4;4;1;1;2;;3;6;3;;;1;1
144;SUCRE;1;1;1;4;1;2;1;1;1;2;4;1;4;1;1;1;3;1;4;4;1;2;2;2;1;2;2;1;1;1;1;1;1;1;1;1;2;2;4;2;3;1;1;1;1;1;4;4;4;4;4;4;4;4;1;4;4;2;2;2;1;1;4;4;4;4;4;4;4;4;1;4;4;4;4;4;2;2;5;5;5;5;5;5;3;3;4;3;1;3;4;4;4;1;1;5;5;1;4;1;1;1;2;2;4;48;1;1;1;2;4;1;2;1;2;2;4;4;1;1;1;1;1;1;1;2;2;2;2;1;4;2;1;1;1;5;5;5;5;5;5;1;1;1;2;2;4;5;5;1;1;1;1;2;1;1;1;2;1;2;2;2;3;3;1;1;2;4;1;4;2;1;2;2;2;2;2;2;2;2;2;2;2;2;4;4;4;4;4;4;4;4;4;4;4;4;4;4;4;4;4;4;1;1;2;;3;6;3;1;;1;2
145;SUCRE;1;1;1;4;2;2;1;1;1;2;4;2;2;2;2;2;4;1;4;4;1;2;2;2;2;2;2;1;1;1;1;4;4;4;1;1;2;2;2;1;2;1;1;1;1;1;4;4;4;4;4;4;4;4;4;1;4;2;2;2;1;4;4;4;4;1;4;4;4;4;4;4;4;4;4;4;5;5;5;5;5;5;5;5;2;2;2;2;1;4;2;4;4;1;1;5;5;1;2;1;1;1;1;4;2;5;1;1;1;1;4;1;2;4;2;2;4;4;1;1;1;1;2;1;1;1;1;1;1;1;4;4;4;1;1;5;5;5;5;5;5;1;1;1;2;4;4;5;5;1;1;1;1;1;1;1;2;2;1;2;2;2;3;3;1;1;4;4;1;4;2;12;1;1;1;1;1;1;2;1;1;1;1;1;4;4;4;4;4;4;4;4;4;4;4;4;3;4;4;4;4;4;1;1;2;;2;6;3;;;1;1
146;ROCAFUERTE;1;1;1;4;1;1;1;1;1;2;4;1;1;1;1;1;1;2;4;4;1;2;2;1;1;1;2;1;4;1;1;4;1;4;1;1;2;2;4;1;4;1;1;1;1;1;4;1;4;4;4;4;4;4;1;4;4;2;2;2;1;4;4;4;4;1;4;4;4;4;4;4;4;4;4;4;5;5;5;5;5;5;5;5;4;5;3;5;1;4;1;5;5;1;1;5;5;1;2;1;1;1;1;4;4;48;1;1;1;2;2;1;4;4;2;2;4;4;1;2;2;2;2;1;1;2;2;2;2;1;4;2;2;1;1;5;5;5;5;5;5;1;1;1;2;4;2;5;5;1;1;1;1;2;1;1;2;2;1;2;2;2;2;3;1;1;2;4;1;4;2;12;1;1;1;1;1;1;1;1;1;1;1;1;4;4;4;4;4;4;4;4;4;4;4;4;4;4;4;4;4;4;1;1;2;;4;6;3;;;1;1
147;ROCAFUERTE;1;1;1;4;4;2;1;1;1;1;4;1;1;1;1;1;1;4;4;4;1;2;2;1;1;1;2;1;4;1;1;2;4;2;1;1;2;2;4;4;4;2;1;1;4;1;4;4;4;4;4;4;4;4;1;4;4;2;2;2;1;4;4;4;4;1;4;4;4;4;4;4;4;4;4;4;2;2;4;5;5;5;5;5;1;4;4;1;1;4;4;3;3;1;1;2;2;1;4;1;1;1;1;4;4;5;1;1;1;1;2;1;4;4;1;4;4;4;1;1;1;1;1;1;1;1;1;1;1;1;4;4;2;1;1;5;5;5;5;5;5;1;2;1;2;2;4;5;5;1;1;1;2;2;1;1;2;2;1;2;2;2;2;2;1;1;2;4;1;4;2;11;2;2;1;1;2;2;2;2;2;2;1;2;4;4;4;4;4;4;4;4;4;4;4;4;4;4;4;4;4;4;2;1;2;;3;6;3;1;;1;2
148;ROCAFUERTE;2;2;1;4;2;2;1;1;1;1;4;1;4;1;1;1;1;1;4;4;1;2;2;2;2;2;2;1;4;1;1;1;1;1;1;1;2;2;2;1;2;1;1;1;4;1;4;4;4;4;4;4;4;4;1;4;4;2;2;2;1;1;4;4;4;4;4;4;4;4;1;4;1;4;4;4;5;5;2;5;5;5;5;5;2;4;2;4;1;4;1;4;4;1;1;5;3;1;2;1;1;1;2;4;4;48;1;1;1;1;2;1;4;4;2;4;4;4;1;1;1;1;1;1;1;1;1;1;1;1;4;4;4;1;1;5;5;5;5;5;5;1;1;1;2;4;4;5;5;1;1;1;1;1;1;1;1;1;1;2;2;2;2;2;1;1;4;4;1;4;2;8;2;2;2;2;2;2;2;2;2;2;1;2;4;4;4;4;4;4;4;4;4;4;4;4;4;4;4;4;4;4;2;1;2;;2;6;6;;;1;2
149;SUCRE;1;1;1;4;4;1;1;1;1;2;4;1;1;1;1;1;1;1;4;4;1;1;1;1;1;1;2;1;1;1;1;1;1;1;1;1;2;2;2;2;2;2;1;1;2;2;4;4;4;4;4;4;4;4;1;4;4;2;2;2;1;4;4;4;4;1;4;4;4;4;4;4;4;4;4;4;2;2;5;5;5;5;5;5;2;2;2;2;1;4;2;4;4;1;1;5;2;1;2;1;1;1;1;4;4;5;1;1;1;1;2;1;4;4;2;4;4;4;1;2;1;1;2;1;1;2;2;1;2;1;4;2;4;1;1;5;5;5;5;5;5;1;1;1;2;2;4;5;5;1;1;1;1;1;1;1;2;1;1;2;2;2;2;2;1;1;2;4;1;4;2;8;2;2;2;2;2;2;2;2;2;2;2;2;4;4;4;4;4;4;4;4;4;4;4;4;3;4;4;4;4;4;1;1;2;;3;6;3;;;1;1
15;ROCAFUERTE;2;1;1;3;3;1;1;1;1;1;2;1;4;2;1;1;2;2;3;4;2;2;2;2;1;2;2;1;4;1;1;1;4;1;1;1;2;2;3;1;4;2;1;1;4;2;4;1;4;4;4;5;5;5;5;1;5;2;2;2;5;5;5;5;5;1;5;5;5;5;1;5;5;5;5;1;2;3;5;5;5;5;5;5;3;3;3;4;2;4;1;4;4;1;1;5;2;1;3;1;1;1;1;3;4;52;1;2;2;2;3;1;3;4;3;3;3;3;1;3;2;2;3;2;1;2;2;1;1;1;4;3;3;1;1;5;5;5;5;5;5;1;1;1;2;3;3;5;5;2;1;1;1;2;1;1;2;1;1;1;1;2;2;1;1;1;3;3;1;3;2;1;2;2;2;2;2;2;2;2;2;2;2;2;5;5;5;5;5;5;5;5;4;5;5;5;5;5;5;5;5;5;1;1;2;;3;6;3;;;1;1
151;ROCAFUERTE;2;2;2;5;3;1;1;1;1;2;5;1;2;2;1;1;2;2;2;2;2;3;3;2;1;2;2;1;4;1;1;1;1;1;1;1;2;2;2;2;3;1;1;1;5;1;5;5;5;1;5;5;5;5;1;5;5;1;1;1;1;5;5;5;5;1;5;5;5;5;5;5;5;5;5;5;5;5;5;5;5;5;5;5;3;3;3;3;1;3;1;5;5;1;1;5;5;1;4;1;1;1;1;3;4;48;1;1;1;1;3;1;3;4;2;3;3;3;1;1;2;2;2;1;1;1;1;1;2;1;4;3;4;1;1;5;5;5;5;5;5;1;1;1;2;4;4;5;5;1;1;1;1;2;2;1;2;2;1;2;2;1;2;2;1;1;3;5;1;3;1;13;2;2;1;1;2;2;2;2;2;2;1;2;5;5;5;5;5;5;5;5;5;5;5;5;5;5;5;5;5;5;2;1;2;;4;6;4;;;1;2
152;SUCRE;2;1;1;5;3;1;1;1;1;2;5;2;2;1;1;1;3;3;2;3;1;1;1;1;1;1;2;1;4;1;1;1;1;1;1;1;2;2;3;2;2;3;1;1;3;3;2;3;3;3;4;5;5;5;1;5;5;1;1;1;1;5;5;5;5;5;1;5;5;4;1;4;4;4;1;4;2;2;4;4;4;4;4;5;2;1;3;2;1;4;4;4;4;2;2;3;3;1;4;2;2;1;1;3;4;52;2;2;2;2;3;1;2;3;3;4;4;4;1;3;3;3;2;1;1;2;2;1;1;1;4;4;4;1;1;5;5;5;5;5;5;1;1;1;2;3;3;5;5;1;1;1;1;2;1;1;1;1;1;2;1;2;2;1;1;1;3;3;1;5;2;1;2;2;2;2;2;2;2;2;2;2;2;2;4;5;5;5;5;5;5;5;5;5;5;5;1;5;5;5;5;5;1;1;2;;2;6;1;;;1;1
153;SUCRE;1;2;3;1;3;1;3;1;1;1;5;1;1;1;1;1;2;2;4;4;2;2;2;1;1;1;2;1;4;1;1;4;4;4;1;1;3;2;2;1;3;1;1;1;1;5;5;5;5;5;5;5;5;5;1;5;5;2;2;2;1;5;5;5;5;5;5;5;5;5;1;1;5;5;5;5;5;5;5;5;5;5;5;5;5;5;5;5;3;4;5;5;5;5;2;5;5;1;2;1;2;2;1;4;5;48;2;2;2;2;1;1;5;4;3;4;4;4;1;1;2;2;2;2;1;3;3;1;3;1;5;4;4;1;1;5;5;5;5;5;5;2;2;1;2;4;4;5;5;2;1;1;1;2;2;1;2;1;1;2;2;2;1;2;1;1;1;5;1;5;2;8;2;2;2;2;2;2;2;2;2;2;2;2;5;5;5;5;5;5;5;5;5;5;5;5;5;5;5;5;5;5;2;1;2;;2;5;3;;;1;1
154;ROCAFUERTE;2;2;2;4;2;1;1;1;1;1;4;2;2;1;1;1;2;1;3;3;1;1;1;1;1;1;2;1;1;1;1;1;1;1;1;1;2;2;3;3;3;3;1;1;2;2;5;5;5;5;5;5;5;5;1;5;5;2;2;2;5;5;5;5;5;1;5;5;5;5;1;5;5;5;1;5;5;5;5;5;5;5;5;5;3;3;3;3;1;3;2;5;4;1;1;5;5;1;3;1;1;1;2;4;3;48;1;1;1;1;2;1;3;4;2;4;4;4;2;2;2;2;2;2;1;2;2;2;2;1;5;2;2;1;1;5;5;5;5;5;5;1;2;1;1;4;4;5;5;1;1;1;1;2;1;1;2;1;1;2;2;2;1;2;1;1;3;4;1;5;2;1;1;1;1;1;1;1;1;1;1;1;1;1;5;5;5;5;5;5;5;5;5;5;5;5;3;5;5;5;5;5;2;1;2;;3;6;3;;;1;1
155;SUCRE;2;1;1;3;3;1;1;1;1;2;5;1;3;1;1;1;2;2;2;3;2;2;2;2;2;2;2;2;2;2;2;4;2;4;1;1;2;2;3;3;3;2;1;1;2;2;5;5;5;2;5;5;5;5;5;1;5;2;2;2;1;5;5;5;5;1;5;5;5;5;5;5;5;5;5;5;5;5;5;5;5;5;5;5;3;3;3;3;1;4;2;5;5;1;1;5;5;1;3;2;2;1;2;4;4;48;1;1;1;1;3;1;3;3;2;4;4;4;1;2;2;1;3;2;1;2;2;2;2;1;4;3;4;1;1;5;5;5;5;5;5;1;1;1;2;4;3;5;5;1;1;1;1;2;1;1;2;2;2;2;2;1;2;2;1;1;4;4;1;4;2;1;2;2;2;2;2;2;2;2;2;2;1;2;5;5;5;5;5;5;5;5;4;5;5;5;5;5;4;5;5;5;1;1;2;;3;6;3;;;1;2
156;ROCAFUERTE;1;1;1;3;3;1;1;1;1;2;1;2;3;2;1;2;2;3;3;3;1;1;1;1;1;1;2;1;4;1;1;4;4;4;1;1;2;2;3;2;3;2;1;1;3;2;3;2;3;2;4;5;5;5;1;5;5;2;2;2;5;5;5;5;5;1;5;5;5;5;5;5;5;5;5;5;2;2;5;5;5;5;5;5;3;2;3;2;1;4;1;4;3;1;1;5;5;1;3;1;1;1;1;3;4;5;1;2;2;1;3;1;3;3;3;3;4;4;1;3;3;2;3;1;1;2;3;1;2;1;5;1;1;1;1;5;5;5;5;5;5;1;1;1;2;3;3;5;5;1;1;1;1;2;1;1;1;1;1;2;2;2;2;1;1;1;4;4;1;5;2;19;2;2;2;2;2;2;3;2;2;2;2;2;5;5;5;5;5;5;5;5;4;5;5;5;5;5;5;5;5;5;1;1;2;;3;6;3;1;;1;2
157;SUCRE;1;1;1;4;1;1;1;1;1;1;4;1;1;1;1;1;4;1;4;4;1;1;1;1;1;1;2;1;1;1;1;1;1;1;1;1;2;2;2;2;2;1;1;1;1;1;4;4;4;4;4;4;4;4;1;4;4;1;1;1;1;4;4;4;4;1;4;4;4;4;4;4;4;4;4;4;5;5;5;5;5;5;5;5;4;3;4;5;1;3;4;5;5;1;1;5;5;1;2;1;1;1;1;3;4;52;1;1;1;2;2;1;4;4;3;4;4;4;1;1;1;1;2;2;1;2;2;1;2;1;4;2;4;1;1;5;5;5;5;5;5;2;2;1;2;4;4;5;5;1;1;1;1;1;1;1;1;1;1;2;2;2;2;3;1;1;2;4;1;4;2;9;2;2;2;2;2;2;2;2;1;2;1;2;4;4;4;4;4;4;4;4;4;4;4;4;3;4;4;4;4;4;1;1;2;;2;6;3;;;1;2
158;ROCAFUERTE;1;1;1;4;1;2;1;1;1;1;4;2;4;1;1;1;2;1;4;4;1;2;2;1;1;2;2;1;1;1;1;4;1;4;1;1;1;2;4;2;4;2;1;1;1;1;4;4;4;4;4;4;4;4;1;4;4;2;2;2;1;4;4;4;4;1;4;4;4;4;4;4;4;4;4;4;5;5;5;5;5;5;5;5;4;2;4;4;1;4;1;5;5;1;1;5;5;1;2;1;2;1;1;4;4;48;1;1;1;2;2;1;4;4;2;4;4;4;1;1;1;1;1;1;1;2;2;1;2;1;4;4;4;1;1;5;5;5;5;5;5;1;1;1;2;4;4;5;5;1;1;1;2;2;1;1;2;1;1;1;1;2;2;2;1;1;4;4;1;4;2;15;2;2;2;2;2;2;2;2;2;2;2;2;4;4;4;4;4;4;4;4;4;4;4;4;4;4;4;4;4;4;1;1;2;;3;6;1;;;1;1
159;ROCAFUERTE;1;2;1;4;2;2;1;1;1;2;1;1;4;1;1;1;1;1;4;4;1;2;2;1;1;1;2;1;4;1;1;4;1;4;1;1;2;2;4;1;4;1;1;1;1;4;4;4;4;4;4;4;4;4;1;4;4;2;2;2;1;1;4;4;4;4;4;4;4;4;1;4;4;1;4;4;5;5;5;5;5;5;5;5;2;2;2;2;1;3;2;4;4;1;1;5;3;1;4;2;1;1;1;2;4;5;1;1;1;2;4;1;2;2;2;2;4;4;1;1;1;1;1;1;1;1;1;1;1;1;4;2;4;1;1;5;5;5;5;5;5;1;1;1;2;4;4;5;5;1;1;1;1;1;1;1;2;1;1;2;2;2;3;3;1;1;2;4;1;4;2;16;1;1;1;1;1;1;1;1;1;1;1;1;4;4;4;4;4;4;4;4;4;4;4;4;4;4;4;4;4;4;1;1;2;;4;6;1;;;1;1
16;ROCAFUERTE;1;1;1;4;1;2;1;1;1;1;1;1;3;1;1;1;4;1;4;4;1;1;1;1;1;1;2;1;4;1;1;4;1;4;1;1;1;2;1;1;1;1;1;1;4;1;4;1;4;4;4;4;4;4;1;4;4;2;2;2;1;4;4;4;4;1;4;4;4;4;4;4;4;4;4;4;2;2;5;5;5;5;5;5;2;4;4;2;1;4;1;5;5;1;1;5;5;1;4;2;1;1;1;4;4;48;1;1;1;1;2;1;4;1;2;4;4;4;1;1;1;1;1;1;1;1;1;1;1;1;4;4;4;1;1;5;5;5;5;5;5;1;1;1;2;2;2;5;5;1;1;1;1;2;1;1;2;2;1;2;2;2;2;3;1;1;4;4;1;4;2;15;2;2;2;2;2;2;2;2;2;2;2;2;4;4;4;4;4;4;4;4;4;4;4;4;4;4;4;4;4;4;1;1;2;;4;6;5;;;1;1
161;ROCAFUERTE;1;1;1;4;1;2;1;1;1;2;4;1;2;1;1;1;4;1;4;4;1;1;1;1;1;1;2;1;1;1;1;4;4;4;1;1;1;2;4;1;4;1;1;1;1;1;4;4;4;4;4;4;4;4;1;4;4;2;2;2;1;1;4;4;4;4;4;4;4;4;1;1;1;4;4;4;5;5;5;5;5;5;5;5;2;1;4;4;1;4;1;5;5;1;1;5;5;1;2;1;2;1;2;4;4;48;1;1;1;1;2;1;4;4;2;2;4;4;1;1;1;1;2;1;1;1;1;1;1;1;4;4;4;1;1;5;5;5;5;5;5;1;2;1;2;4;4;5;5;1;1;1;1;1;1;1;1;1;1;2;2;2;2;2;1;1;2;4;1;4;2;8;1;1;1;1;1;1;2;2;1;1;1;1;4;4;4;4;4;4;4;4;4;4;4;4;4;4;4;4;4;4;1;1;2;;3;6;1;;;1;1
162;ROCAFUERTE;1;1;1;2;1;2;1;1;1;1;1;1;4;1;1;1;2;1;4;4;1;1;1;1;1;1;2;1;1;1;1;4;1;4;1;1;2;2;2;1;2;1;1;1;1;1;4;4;4;4;4;4;4;4;1;4;4;2;2;2;1;4;4;4;4;1;4;4;4;4;4;4;4;4;4;4;5;5;5;5;5;5;5;5;4;2;3;4;1;3;1;5;5;1;1;5;5;1;2;1;1;1;2;2;4;48;1;1;1;2;4;1;2;3;2;2;4;4;1;1;1;1;1;1;1;2;2;1;1;1;4;2;4;2;2;5;5;5;5;5;5;1;1;1;1;4;4;5;5;1;1;1;2;1;1;1;1;1;1;2;2;2;3;3;1;1;4;4;1;4;1;1;2;2;2;2;2;2;2;2;2;2;2;2;4;4;4;4;4;4;4;4;4;4;4;4;4;4;4;4;4;4;1;1;2;;3;6;1;;;1;1
163;PORTOVIEJO;1;1;1;1;1;1;1;1;1;1;1;1;1;1;1;1;4;4;1;4;1;2;2;1;1;1;2;1;1;1;1;1;1;1;1;1;2;2;2;2;2;2;2;1;1;1;5;5;5;5;5;5;5;5;5;5;5;5;5;5;1;1;5;5;5;1;5;5;5;5;5;5;5;5;5;5;5;5;5;5;5;5;5;5;3;3;3;2;1;3;2;4;3;3;1;1;3;1;4;1;1;1;1;3;1;48;2;2;2;2;1;1;3;2;2;3;3;3;1;1;1;1;1;1;1;1;1;1;1;1;4;4;4;1;1;5;5;5;5;5;5;1;1;1;1;4;1;5;5;1;1;1;2;1;1;1;1;2;1;1;1;1;1;1;2;2;2;1;1;4;1;7;1;1;1;1;1;1;3;3;1;1;1;2;5;5;5;5;5;5;2;5;5;5;5;5;1;5;5;5;5;5;2;1;2;;3;5;4;1;1;1;3
164;PORTOVIEJO;1;1;1;5;2;1;1;1;1;5;1;1;4;1;1;1;4;4;2;4;2;1;1;1;1;1;2;1;1;1;1;1;1;1;1;2;2;2;1;2;1;2;2;1;2;4;4;4;4;4;4;5;5;5;5;5;5;5;5;5;1;5;5;5;5;1;5;5;5;5;5;5;5;5;5;5;5;5;5;5;5;5;5;5;4;4;3;4;1;3;2;3;4;4;1;3;1;1;4;1;1;1;1;3;1;5;1;1;1;1;1;2;3;3;2;3;3;4;1;1;1;1;1;1;1;2;2;1;1;1;4;4;4;1;1;5;5;5;5;5;5;1;1;1;1;4;1;5;5;2;1;1;2;1;1;1;1;1;1;1;2;1;1;1;2;1;3;4;1;4;2;8;2;2;2;2;2;2;2;2;2;2;2;2;5;5;5;5;5;5;1;5;5;5;5;5;2;5;5;5;5;5;1;1;2;;3;1;5;1;;1;2
165;PORTOVIEJO;1;1;1;2;1;1;1;1;1;4;1;1;4;2;2;1;1;1;1;4;1;1;2;1;1;1;2;1;1;1;1;1;4;4;4;2;1;2;2;1;2;2;1;1;4;4;4;4;4;4;4;5;5;5;5;5;5;5;5;5;1;5;5;5;5;5;5;5;5;4;1;2;1;4;1;1;2;3;5;5;5;5;5;5;2;2;2;2;1;3;3;3;3;3;1;1;1;1;4;1;1;1;1;3;4;5;1;1;1;1;3;1;3;3;2;4;4;4;1;2;2;2;2;2;1;2;2;2;1;1;3;4;4;1;1;5;5;5;5;5;5;1;1;1;1;3;4;5;5;1;1;1;1;1;1;1;1;1;1;1;1;1;1;1;2;1;1;1;1;4;2;11;1;1;1;1;2;2;2;2;2;2;2;2;5;5;5;5;5;5;5;5;5;5;5;5;2;5;5;5;5;5;1;1;2;;3;6;3;;1;1;1
166;PORTOVIEJO;1;1;1;4;1;4;1;1;1;1;1;1;2;1;1;1;1;3;1;4;1;1;1;1;2;1;2;1;1;1;1;1;1;1;1;1;1;1;;;;;;;4;1;4;4;4;1;4;5;5;5;5;5;5;5;5;5;1;4;4;4;4;1;4;4;4;5;5;5;5;5;5;5;5;5;5;5;5;5;5;5;3;3;3;3;1;3;1;4;4;1;1;1;1;1;4;1;1;1;1;3;4;48;1;1;1;1;3;2;3;3;1;3;3;3;1;1;1;1;1;1;1;1;1;1;1;1;3;4;4;1;1;5;5;5;5;5;5;1;1;1;1;4;2;5;5;1;1;1;2;1;1;1;1;1;1;1;1;1;2;1;1;1;1;5;1;5;2;12;1;1;1;1;1;1;1;1;1;1;1;1;5;5;5;5;5;5;5;5;1;5;5;5;1;5;5;5;5;5;1;1;2;;3;5;3;3;;1;2
167;PORTOVIEJO;1;1;1;4;1;1;1;1;1;1;1;1;1;1;1;1;4;4;1;4;1;1;1;1;2;1;2;1;1;1;1;1;1;1;1;2;1;2;2;1;3;1;1;1;2;1;5;5;5;5;5;5;5;5;5;5;5;5;5;5;1;1;5;5;5;5;5;5;5;4;1;1;1;2;1;1;5;5;5;5;5;5;5;5;3;3;3;3;1;4;1;4;3;1;1;1;1;1;4;1;1;1;1;3;1;55;1;1;1;1;1;2;4;3;2;4;4;4;1;1;1;1;1;1;1;1;2;1;1;2;5;4;4;2;1;5;5;5;5;5;5;1;1;1;1;1;1;5;5;1;1;2;2;1;1;1;1;1;1;1;1;1;1;1;1;1;1;1;2;1;2;6;1;1;1;1;1;2;2;2;1;1;1;1;1;5;5;5;5;5;1;5;5;1;5;5;1;1;5;5;5;5;1;1;2;;3;2;9;2;;1;1
168;PORTOVIEJO;1;1;1;4;4;1;1;1;4;4;1;1;2;1;1;1;1;1;1;2;1;1;1;1;1;1;2;1;1;1;2;4;4;1;1;1;1;1;;;;;;;1;1;5;5;5;1;5;5;5;5;5;5;5;5;5;5;1;5;5;5;5;1;1;5;5;5;5;5;5;5;5;5;5;5;5;5;5;5;5;5;2;2;2;2;1;1;1;1;4;1;1;1;1;1;4;1;1;1;1;3;2;48;1;1;1;1;2;1;2;3;2;4;4;4;1;2;2;1;1;1;1;1;1;1;1;1;5;4;4;1;1;5;5;5;5;5;5;1;1;1;1;5;2;5;5;1;1;1;1;1;1;1;2;2;1;1;1;1;3;1;2;1;1;4;1;4;2;12;1;2;2;2;2;2;2;2;1;1;1;1;5;5;5;5;5;5;5;5;5;5;5;5;5;5;5;5;5;5;1;1;2;;3;6;7;;2;1;4
169;ROCAFUERTE;2;1;2;4;2;2;1;1;1;2;1;1;3;1;1;1;1;2;2;2;1;1;2;1;1;2;2;1;4;1;1;2;2;2;2;2;2;2;3;1;4;1;1;1;1;1;5;5;5;5;5;5;5;5;5;5;5;5;5;5;1;5;5;5;5;1;5;5;5;5;5;5;5;5;5;5;5;5;5;5;5;5;5;5;3;1;3;2;1;4;3;4;5;5;1;5;5;1;3;1;1;1;2;4;4;48;1;1;1;1;3;1;4;3;2;3;4;4;1;1;1;1;1;1;2;2;2;2;2;2;4;3;3;1;1;5;5;5;5;5;5;1;1;1;1;3;3;5;5;5;1;1;1;1;1;1;1;1;1;2;2;2;2;2;2;1;3;4;1;4;2;1;2;2;2;2;2;2;3;2;2;2;2;2;5;5;5;5;5;5;2;5;5;5;5;5;2;4;5;5;5;5;1;1;2;;3;6;1;;;1;1
17;SUCRE;1;1;1;4;1;4;1;1;1;1;1;1;3;1;1;1;2;3;4;4;2;2;3;2;2;2;2;1;1;1;1;1;4;1;1;1;1;2;1;1;4;1;1;1;5;1;5;5;5;1;5;5;5;5;5;5;5;5;5;5;1;2;5;5;5;1;5;5;5;5;5;5;5;5;5;5;5;5;1;5;5;5;5;5;1;1;1;1;1;3;3;2;3;5;1;1;1;1;3;1;1;1;1;2;1;5;1;1;1;1;1;1;3;3;2;3;3;3;1;1;1;1;1;1;1;5;5;5;5;5;4;4;4;1;1;5;5;5;5;5;5;1;1;1;1;3;1;5;5;5;1;1;2;1;1;5;2;2;1;2;2;2;3;2;1;1;3;4;1;3;2;11;1;1;1;1;1;1;2;2;1;1;1;2;5;5;5;5;5;5;5;5;5;5;5;5;2;4;5;5;5;5;1;1;2;;2;6;3;;;1;2
171;PORTOVIEJO;1;1;2;2;1;1;1;1;1;1;2;1;2;1;1;1;1;2;1;4;1;1;1;1;1;1;2;1;1;1;1;4;4;4;1;1;1;2;2;2;2;2;2;2;2;4;4;4;4;4;4;5;5;5;5;5;5;5;5;5;1;4;4;4;4;1;4;4;4;5;5;5;5;5;5;5;2;2;5;5;5;5;5;5;1;4;3;1;1;4;3;4;5;5;1;5;2;1;3;1;1;1;1;4;4;48;1;1;1;1;1;1;4;3;2;3;3;3;1;1;1;1;1;1;1;1;1;1;1;1;4;4;2;1;1;5;5;5;5;5;5;1;1;1;1;2;3;5;5;5;1;1;1;1;1;1;1;1;1;1;1;1;2;1;1;1;2;1;1;4;2;1;1;1;1;1;2;1;3;2;1;2;2;2;5;5;5;5;5;5;2;5;5;5;5;5;2;5;5;5;5;5;2;1;2;;5;6;4;;;1;1
172;PORTOVIEJO;1;1;2;4;1;1;1;1;1;1;4;1;1;1;1;1;1;4;1;4;1;1;2;1;1;1;2;1;1;1;1;4;1;4;1;1;2;1;;;;;;;1;1;4;1;4;4;4;4;4;4;1;4;4;2;2;2;4;4;4;4;4;1;1;4;4;4;4;4;4;4;4;4;5;5;5;5;5;5;5;5;2;2;3;4;1;1;2;3;5;1;1;5;5;1;4;1;1;1;1;2;4;48;1;1;1;2;4;1;2;2;2;3;4;4;1;1;1;1;1;1;1;1;1;1;1;1;4;2;4;4;1;5;5;5;5;5;5;1;1;1;2;4;4;5;5;1;1;1;1;1;1;1;1;1;1;2;2;2;2;3;1;1;2;4;1;4;2;11;2;2;2;2;2;2;2;2;2;2;2;2;4;4;4;4;4;4;4;4;4;4;4;4;4;4;4;4;4;4;2;1;2;;3;6;3;3;;1;2
173;PORTOVIEJO;2;1;1;2;1;1;1;1;1;2;1;1;2;1;1;1;4;4;1;4;1;1;1;1;1;1;1;;;;;;;;;;;1;;;;;;;1;1;4;4;4;4;4;4;4;4;1;4;4;2;2;2;4;4;4;4;4;1;1;4;4;4;4;4;4;4;4;4;5;5;5;5;5;5;5;5;2;2;3;4;1;1;1;5;5;1;1;5;5;1;2;1;1;1;1;4;4;55;2;2;2;2;2;1;4;3;2;4;4;4;1;1;1;1;1;1;1;1;1;1;1;1;4;4;4;1;1;5;5;5;5;5;5;1;1;1;2;4;4;5;5;1;1;1;1;2;1;1;2;1;1;2;2;2;2;3;1;1;2;4;1;4;2;8;2;2;2;2;2;2;2;2;2;2;2;2;4;4;4;4;4;4;4;4;4;4;4;4;4;4;4;4;4;4;1;1;2;;3;4;3;;;1;2
174;PORTOVIEJO;2;1;2;1;2;1;1;1;1;1;1;1;4;1;1;1;4;2;1;4;1;2;2;1;1;2;1;;;;;;;;;;;1;;;;;;;1;1;4;4;4;4;4;1;4;4;1;4;4;2;2;2;1;4;4;4;4;1;4;4;4;4;4;4;4;4;4;4;5;5;5;5;5;5;5;5;2;3;3;4;1;1;2;5;5;1;1;5;5;1;2;1;1;1;1;4;4;54;1;1;1;1;4;1;2;3;2;3;4;4;1;1;1;1;1;1;1;1;1;1;1;1;4;2;4;1;1;5;5;5;5;5;5;1;1;1;2;4;4;5;5;1;1;1;1;2;1;1;2;1;1;2;2;2;2;3;1;1;2;4;1;4;2;6;2;2;2;2;2;2;2;2;2;2;2;2;4;4;4;4;4;4;4;4;4;4;4;4;4;4;4;4;4;4;1;1;2;;3;4;3;;;1;1
175;PORTOVIEJO;1;1;1;3;1;1;1;2;2;1;1;1;4;1;1;1;4;1;1;4;1;2;2;1;1;2;2;1;1;1;1;1;1;1;1;1;2;2;2;1;2;2;1;1;1;1;4;4;4;4;4;1;4;4;4;4;4;2;2;2;1;4;4;4;4;1;4;4;4;4;4;4;4;4;4;4;4;4;4;4;4;4;4;4;2;2;4;4;1;1;2;5;5;1;1;5;5;1;4;1;1;1;1;4;5;56;1;1;1;2;3;1;3;3;2;4;4;4;1;1;1;1;2;1;1;1;1;1;1;1;4;2;2;1;1;5;5;5;5;5;5;2;2;1;2;4;4;5;5;1;1;1;1;1;1;1;2;1;1;2;2;2;3;3;1;1;1;4;1;2;3;6;2;2;2;2;2;2;2;2;2;2;2;2;4;4;4;4;4;4;4;4;4;4;4;4;3;4;4;4;4;4;1;1;2;;2;4;1;;;1;2
176;PORTOVIEJO;1;1;1;3;1;1;1;1;1;1;1;1;2;1;1;1;2;1;1;2;2;2;1;2;2;1;2;1;1;1;1;4;4;4;1;1;2;1;;;;;;;4;1;4;1;4;4;4;4;4;4;1;4;4;2;2;2;1;1;4;4;4;1;4;4;4;4;4;4;4;4;4;4;5;5;5;5;5;5;5;5;2;3;3;4;1;1;1;5;5;1;1;5;5;1;3;2;1;1;1;2;3;56;2;1;2;2;4;1;2;2;2;3;4;4;1;2;2;2;2;1;1;2;2;1;1;1;4;4;4;1;1;5;5;5;5;5;5;1;1;1;2;2;2;5;5;1;1;1;1;1;1;1;1;1;1;1;1;1;1;1;1;1;4;4;1;4;1;6;2;2;2;2;2;2;2;2;2;2;1;2;4;4;4;4;4;4;4;4;4;4;4;4;4;4;4;4;4;4;1;1;2;;3;4;3;;1;1;1
177;PORTOVIEJO;1;1;1;4;3;1;1;1;1;1;1;1;5;1;1;1;4;1;1;4;1;1;2;1;1;2;1;;;;;;;;;;;1;;;;;;;1;1;4;1;4;4;4;4;4;4;1;4;4;1;1;1;1;4;4;4;4;1;4;4;4;4;4;4;4;4;4;4;5;5;5;5;5;5;5;5;2;2;4;4;1;1;1;4;5;1;1;5;5;1;4;2;1;1;1;2;4;56;2;2;2;2;4;1;2;2;2;3;4;4;1;2;2;2;1;1;1;1;1;1;1;1;4;4;4;1;1;5;5;5;5;5;5;1;1;1;2;4;4;5;5;2;1;1;1;1;1;1;2;1;1;2;2;3;2;2;1;1;2;4;1;2;2;8;2;2;2;2;2;2;2;2;2;2;1;2;4;4;4;4;4;4;4;4;4;4;4;4;3;4;4;3;4;4;1;1;2;;3;5;1;;;1;1
178;PORTOVIEJO;1;1;1;4;1;1;1;1;1;1;1;1;3;1;1;1;4;1;2;4;1;2;2;1;1;2;2;1;4;1;1;4;1;4;1;1;2;2;4;1;4;1;1;1;1;4;1;4;4;1;4;4;4;4;1;4;4;2;2;2;1;1;4;4;4;4;4;4;4;4;1;1;4;4;4;4;5;5;2;5;5;5;5;5;2;3;2;2;1;1;2;3;5;1;1;5;5;1;4;1;1;1;1;2;3;54;1;1;1;2;2;1;4;2;2;2;4;4;1;1;1;1;2;1;1;2;2;1;1;1;4;2;4;1;1;5;5;5;5;5;5;1;1;1;2;2;2;5;5;2;1;1;2;1;1;1;2;1;1;2;2;2;2;3;1;1;1;4;1;4;2;5;2;2;1;1;2;2;2;2;1;2;2;2;4;4;4;4;4;4;4;4;4;4;4;4;4;4;4;4;4;4;2;1;2;;3;4;6;;3;1;1
179;PORTOVIEJO;1;1;1;1;2;1;1;3;1;1;1;2;4;1;1;1;1;4;1;4;1;1;1;1;1;1;2;1;4;1;1;4;1;4;1;1;2;1;;;;;;;1;1;4;1;4;4;4;4;4;4;1;4;4;2;2;2;1;4;4;4;4;1;4;4;4;4;4;4;4;4;4;4;5;5;5;5;5;5;5;5;2;2;4;4;1;1;2;5;5;1;1;5;5;1;2;1;1;1;1;4;4;56;1;1;1;2;2;1;4;4;2;4;4;4;1;2;2;2;2;2;1;1;1;1;1;1;4;2;4;1;1;5;5;5;5;5;5;1;1;1;2;4;4;5;5;2;1;1;1;2;1;1;2;1;1;2;2;2;2;3;1;1;1;4;1;4;2;2;2;2;1;1;2;2;2;2;2;2;2;2;4;4;4;4;4;4;4;4;4;4;4;4;4;4;4;4;4;4;2;1;2;;3;5;3;;;1;1
18;PORTOVIEJO;2;1;1;3;1;1;1;1;1;1;4;1;4;1;1;1;1;2;1;4;1;1;1;1;1;1;1;;;;;;;;;;;2;4;1;4;1;1;1;4;1;4;1;4;4;4;4;4;4;1;4;4;2;2;2;1;4;4;4;4;1;4;4;4;4;4;4;4;4;4;4;5;5;5;5;5;5;5;5;3;4;4;4;1;1;1;5;5;1;1;5;5;1;2;1;1;1;1;4;4;4;1;1;1;2;2;1;4;3;2;4;4;4;1;1;1;1;1;1;1;1;1;1;1;1;4;4;4;1;1;5;5;5;5;5;5;1;1;1;2;3;3;5;5;1;1;1;1;2;1;1;2;1;1;2;2;2;2;3;1;1;4;4;1;4;2;5;2;2;2;2;2;2;2;2;2;2;2;2;4;4;4;4;4;4;4;4;4;4;4;4;4;4;4;4;4;4;1;1;2;;2;6;1;;;1;2
181;PORTOVIEJO;1;1;1;4;2;1;1;1;1;2;4;1;1;1;1;1;4;4;1;4;1;1;1;1;1;1;2;1;4;1;1;4;1;4;1;1;2;1;;;;;;;4;1;4;1;4;4;4;4;4;4;1;4;4;2;2;2;1;4;4;4;4;1;4;4;4;4;4;4;4;4;4;4;5;5;5;5;5;5;5;5;2;2;4;4;3;3;1;4;5;1;1;5;5;1;2;1;1;1;1;4;4;53;1;1;1;2;2;1;4;3;2;4;4;4;2;2;2;2;2;3;1;1;1;1;1;1;4;4;4;1;1;5;5;5;5;5;5;1;1;1;2;4;4;5;5;1;1;1;1;1;1;1;1;1;1;2;2;2;2;3;1;1;1;4;1;4;2;22;2;2;2;2;2;2;2;2;2;2;2;2;4;4;4;4;4;4;4;4;4;4;4;4;3;4;4;4;4;4;2;1;2;;4;6;3;6;;1;2
182;PORTOVIEJO;2;1;1;4;1;1;1;1;1;2;4;2;4;2;1;1;4;1;1;4;1;2;2;1;1;2;2;1;4;1;1;1;1;1;1;1;2;1;;;;;;;4;4;4;1;4;4;4;4;4;4;1;4;4;2;2;2;1;1;4;4;4;4;4;4;4;4;1;1;4;4;4;4;5;5;5;5;5;5;5;5;2;2;4;4;1;1;1;5;5;1;1;5;5;1;3;2;1;1;1;3;4;54;1;1;1;1;2;1;4;4;2;4;4;4;1;1;1;1;1;1;1;1;1;1;1;1;4;4;4;1;1;5;5;5;5;5;5;1;1;1;1;4;4;5;5;1;1;1;1;2;1;1;2;1;1;2;2;2;2;2;1;1;1;4;1;4;2;8;2;2;2;2;2;2;2;2;2;2;2;2;4;4;4;4;4;4;4;4;4;4;4;4;4;4;4;4;4;4;1;1;2;;4;6;4;;;1;1
183;PORTOVIEJO;1;1;1;4;2;1;1;1;1;2;4;1;1;1;1;1;4;4;1;4;1;1;1;1;1;1;2;1;1;1;1;4;1;4;1;1;2;2;2;1;2;2;1;1;4;4;4;1;4;4;4;4;4;4;1;4;4;2;2;2;1;4;4;4;4;1;4;4;4;4;4;4;4;4;4;4;5;5;5;5;5;5;5;5;3;4;4;4;1;1;1;4;3;1;1;5;3;1;4;1;1;1;1;2;4;48;1;1;1;1;4;1;2;3;2;3;4;4;1;1;1;1;1;1;1;1;1;1;1;1;4;2;2;1;1;5;5;5;5;5;5;1;1;1;2;2;2;4;4;2;1;1;1;1;1;1;1;1;1;2;2;2;3;3;1;1;1;4;1;4;2;25;2;2;1;1;2;2;2;2;2;2;2;2;4;4;4;4;4;4;4;4;4;4;4;4;4;4;4;4;4;4;2;1;2;;4;6;7;1;;1;1
184;PORTOVIEJO;1;1;1;4;4;1;1;1;1;2;4;2;4;1;1;1;3;1;1;3;1;2;2;2;2;2;2;1;1;1;1;1;1;1;1;1;2;2;4;1;4;1;1;1;4;1;4;1;4;4;4;4;4;4;1;4;4;2;2;2;1;4;4;4;4;1;4;4;4;4;4;4;4;4;4;4;5;5;5;5;5;5;5;5;2;2;3;5;1;1;1;1;4;1;1;5;5;1;4;1;1;1;1;2;3;53;1;1;1;2;4;1;2;3;2;3;4;4;1;1;1;1;2;1;1;1;1;1;1;1;4;2;4;1;1;5;5;5;5;5;5;1;1;1;2;4;4;5;5;2;1;1;1;1;1;1;2;1;1;2;2;2;2;3;1;1;1;4;1;4;2;13;2;2;2;2;2;2;2;2;2;2;1;2;4;4;4;4;4;4;4;4;4;4;4;4;4;4;4;4;4;4;1;1;2;;3;6;3;2;;1;2
185;PORTOVIEJO;1;1;1;4;2;1;1;1;1;2;4;1;1;1;1;1;3;3;1;4;1;2;2;1;1;2;1;;;;;;;;;;;1;;;;;;;1;1;4;1;4;4;4;4;4;4;1;4;4;2;2;2;1;1;4;4;4;1;4;4;4;4;4;4;4;4;4;4;5;5;5;5;5;5;5;5;2;2;3;4;1;1;1;5;5;1;1;5;5;1;4;1;1;1;1;2;3;52;1;1;1;2;4;1;2;2;2;4;4;4;1;1;1;1;1;1;1;1;1;1;1;1;4;2;2;1;1;5;5;5;5;5;5;1;1;2;2;4;4;5;5;1;1;1;1;1;1;1;1;1;1;2;2;2;2;3;1;1;1;4;1;4;2;15;2;2;2;2;2;2;2;2;2;2;2;2;4;4;4;4;4;4;4;4;4;4;4;4;4;4;4;4;4;4;1;1;2;;4;6;3;2;;1;1
186;PORTOVIEJO;1;1;1;4;4;1;1;1;1;1;4;1;1;1;1;1;1;4;1;1;4;1;1;1;1;1;1;;;;;;;;;;;1;;;;;;;4;1;4;1;4;4;4;4;4;4;1;4;4;2;2;2;1;4;4;4;4;1;4;4;4;4;4;4;4;4;4;4;5;5;5;5;5;5;5;5;2;2;4;5;1;1;1;3;4;1;1;5;5;1;4;1;1;1;1;2;3;53;1;1;2;2;4;1;2;3;2;3;4;4;1;1;1;1;1;1;1;1;2;1;1;1;4;2;2;1;1;5;5;5;5;5;5;1;1;1;2;4;4;5;5;1;1;1;1;2;1;1;2;2;1;2;3;2;3;3;1;1;1;4;1;4;2;6;2;2;2;2;2;2;2;2;2;2;1;2;4;4;4;4;4;4;4;4;4;4;4;4;4;4;4;4;4;4;2;1;2;;3;6;3;2;;1;1
187;PORTOVIEJO;2;1;1;2;1;1;1;1;1;1;2;1;2;1;1;1;1;4;1;4;1;1;1;1;1;1;2;1;4;1;1;1;1;4;1;1;2;1;;;;;;;4;1;4;1;4;4;4;4;4;4;1;4;4;2;2;2;1;4;4;4;4;1;4;4;4;4;4;4;4;4;4;4;5;5;5;5;5;5;5;5;4;2;4;4;1;1;1;5;5;1;1;5;5;1;2;1;1;1;1;2;4;53;1;1;1;1;2;1;4;3;3;4;4;4;1;1;1;1;1;1;1;1;1;1;1;1;4;2;4;1;1;5;5;5;5;5;5;1;1;1;2;4;4;5;5;1;1;1;1;1;1;1;2;1;1;2;2;2;2;2;1;1;4;4;1;4;2;7;2;2;2;2;2;2;2;2;2;2;2;2;4;4;4;4;4;4;4;4;4;4;4;4;4;4;4;4;4;4;2;1;2;;4;6;4;;;1;1
188;PORTOVIEJO;1;1;1;4;1;1;1;1;1;2;1;1;4;1;1;1;1;4;4;4;1;2;2;1;1;2;2;1;1;1;1;4;1;4;1;1;2;1;;;;;;;4;1;4;1;4;4;4;4;4;4;1;4;4;2;2;2;1;1;4;4;4;1;4;4;4;4;4;4;4;4;4;4;5;5;5;5;5;5;5;5;3;3;2;4;1;1;4;5;5;1;1;5;5;1;2;1;1;1;1;4;4;53;1;1;1;1;2;1;4;3;3;4;4;4;1;1;1;1;1;1;1;1;1;1;1;1;4;2;2;1;1;5;5;5;5;5;5;1;1;1;2;2;2;5;5;1;1;1;1;1;1;1;1;1;1;2;2;2;3;3;1;1;1;4;1;4;2;8;2;2;2;2;2;2;2;2;2;2;2;2;4;4;4;4;4;4;4;4;4;4;4;4;4;4;4;4;4;4;1;1;2;;4;6;7;;;1;1
189;PORTOVIEJO;1;1;1;4;4;1;1;1;1;2;4;1;1;1;1;1;4;4;1;4;1;1;1;1;1;1;2;1;1;1;1;1;1;1;1;1;2;2;2;1;2;2;1;1;4;1;4;1;4;4;4;4;4;4;1;4;4;2;2;2;1;4;4;4;4;1;4;4;4;4;4;4;4;4;4;4;5;5;5;5;5;5;5;5;3;2;3;4;1;1;2;3;4;1;1;5;5;1;4;1;1;1;1;2;4;52;1;1;1;1;4;1;2;3;2;3;4;4;1;1;1;1;1;1;1;1;1;1;1;1;4;2;4;1;1;5;5;5;5;5;5;1;1;1;2;4;4;5;5;1;1;1;1;1;1;1;1;1;1;2;2;2;2;3;1;1;1;4;1;4;2;17;2;2;2;2;2;2;2;2;2;2;2;2;4;4;4;4;4;4;4;4;4;4;4;4;4;4;4;4;4;4;2;1;2;;3;6;3;4;;1;1
19;PORTOVIEJO;1;1;1;4;1;4;1;1;1;2;1;1;4;1;1;1;1;4;1;4;1;2;2;1;1;2;2;1;1;1;1;4;4;4;1;1;2;1;;;;;;;4;1;4;1;4;4;4;4;4;4;1;4;4;2;2;2;1;4;4;4;4;1;4;4;4;4;4;4;4;4;4;4;5;5;5;5;5;5;5;5;3;3;4;2;1;1;1;3;4;1;1;5;5;1;2;1;1;1;1;4;4;48;1;1;1;2;2;1;4;4;3;4;4;4;1;2;1;1;2;1;1;2;2;1;1;1;4;2;2;1;1;5;5;5;5;5;5;1;1;1;2;2;2;5;5;1;1;1;1;1;1;1;2;1;1;2;2;2;3;3;1;1;2;4;1;4;2;15;2;2;2;2;2;2;2;2;2;2;1;2;4;4;4;4;4;4;4;4;4;4;4;4;4;4;4;4;4;4;1;1;2;;4;6;3;4;;1;1
191;PORTOVIEJO;1;1;1;4;4;1;1;1;1;2;4;1;1;1;1;1;1;4;1;4;1;1;1;1;1;1;1;;;;;;;;;;;1;;;;;;;4;1;4;1;4;4;4;4;4;4;1;4;4;1;1;1;1;4;4;4;4;1;4;4;4;4;4;4;4;4;4;4;5;5;5;5;5;5;5;5;2;3;4;4;1;1;2;5;5;1;1;5;5;1;2;1;1;1;1;4;4;48;1;1;1;2;2;1;4;3;3;4;4;4;1;1;1;1;1;1;1;1;1;1;1;1;4;2;2;1;1;5;5;5;5;5;5;1;1;1;2;4;4;5;5;1;1;1;1;1;1;1;1;1;1;2;2;2;2;2;1;1;1;4;1;4;2;8;2;2;2;2;2;2;2;2;2;2;1;2;4;4;4;4;4;4;4;4;4;4;4;4;4;4;4;4;4;4;1;1;2;;4;6;3;;;1;1
192;PORTOVIEJO;1;1;1;4;1;1;1;1;1;2;1;1;2;1;1;1;1;4;1;4;1;1;1;1;1;1;2;1;1;1;1;1;1;1;1;1;2;2;2;1;2;1;1;1;4;4;4;1;4;4;4;4;4;4;1;4;4;2;2;2;1;4;4;4;4;1;4;4;4;4;4;4;4;4;4;4;5;5;5;5;5;5;5;5;3;3;4;4;1;1;1;5;5;1;1;5;5;1;4;1;1;1;1;4;4;53;1;1;1;2;2;1;4;3;2;3;4;4;1;1;1;1;1;1;1;1;1;1;1;1;4;2;2;1;1;5;5;5;5;5;5;1;1;1;2;3;3;5;5;1;1;1;1;1;1;1;1;1;1;2;2;2;2;3;1;1;2;4;1;4;2;1;2;2;1;1;2;2;2;2;2;2;2;2;4;4;4;4;4;4;4;4;4;4;4;4;4;4;4;4;4;4;1;1;2;;4;6;7;4;;1;1
193;PORTOVIEJO;1;1;1;4;2;1;1;1;1;2;4;1;4;1;1;1;4;1;1;4;1;1;1;1;1;1;2;1;1;1;1;4;1;4;1;1;2;1;;;;;;;4;1;4;1;4;4;4;4;4;4;1;4;4;2;2;2;1;1;4;4;4;4;4;4;4;4;1;4;4;4;4;4;5;5;2;5;5;5;5;5;2;3;2;3;1;1;2;3;3;1;1;5;5;1;4;1;1;1;1;2;3;53;1;1;1;2;4;1;2;2;2;2;4;4;1;2;1;1;1;1;1;2;2;1;1;1;4;2;4;1;1;5;5;5;5;5;5;1;1;1;2;2;2;5;5;1;1;1;1;1;1;1;2;1;1;2;2;2;3;3;1;1;1;4;1;3;2;11;1;1;1;1;2;2;2;2;1;2;2;2;4;4;4;4;4;4;4;4;4;4;4;4;4;4;4;4;4;4;2;1;2;;4;6;3;2;;1;2
194;PORTOVIEJO;1;1;1;4;2;1;1;1;1;2;4;1;4;1;1;1;2;4;4;4;1;2;2;1;1;2;2;1;1;1;1;4;1;4;1;1;2;1;;;;;;;4;1;4;1;4;4;4;4;4;4;1;4;4;2;2;2;1;1;4;4;4;1;4;4;4;4;4;4;4;4;4;4;5;5;5;5;5;5;5;5;2;2;2;2;1;1;2;3;3;1;1;5;5;1;4;1;1;1;1;2;4;48;1;1;1;2;4;1;2;3;2;3;4;4;1;1;1;1;1;1;1;1;1;1;1;1;4;2;2;1;1;5;5;5;5;5;5;1;1;1;2;3;3;5;5;1;1;1;2;1;1;1;2;1;1;2;3;2;2;3;1;1;1;4;1;4;2;15;1;1;1;1;2;2;2;2;2;2;1;2;4;4;4;4;4;4;4;4;4;4;4;4;4;4;4;4;4;4;1;1;2;;3;6;6;2;;1;2
195;PORTOVIEJO;1;1;1;4;1;1;1;1;1;2;4;1;1;1;1;1;2;4;1;4;1;1;1;1;1;1;2;1;1;1;1;1;1;1;1;1;2;2;2;2;2;2;1;1;4;1;4;1;4;4;4;4;4;4;1;4;4;2;2;2;1;4;4;4;4;1;4;4;4;4;4;4;4;4;4;4;5;5;5;5;5;5;5;5;2;2;3;4;1;1;1;5;5;1;1;5;5;1;4;1;1;1;1;1;4;52;2;2;2;2;4;1;2;3;2;2;4;4;1;2;2;2;1;1;1;2;1;1;1;1;4;2;4;1;1;5;5;5;5;5;5;1;1;1;2;3;4;5;5;1;1;1;1;2;1;1;2;1;1;2;2;2;3;3;1;1;2;4;1;4;2;11;2;2;2;2;2;2;2;2;2;2;2;2;4;4;4;4;4;4;4;4;4;4;4;4;4;4;4;4;4;4;2;1;2;;3;6;3;1;;1;2
196;PORTOVIEJO;2;1;1;1;2;1;1;1;1;2;4;1;2;1;1;1;4;4;1;4;1;2;2;1;1;2;2;1;1;1;1;4;1;4;1;1;2;1;;;;;;;4;1;4;1;4;4;4;4;4;4;1;4;4;2;2;2;1;4;4;4;4;1;4;4;4;4;4;4;4;4;4;4;5;5;5;5;5;5;5;5;3;2;4;4;1;1;2;5;5;1;1;5;5;1;2;1;1;1;1;3;4;48;1;1;1;2;2;1;4;3;2;4;4;4;1;1;1;1;2;1;1;2;2;1;1;1;4;2;4;1;1;5;5;5;5;5;5;1;1;1;2;4;4;5;5;1;1;1;1;2;1;1;2;1;1;2;2;2;3;3;1;1;2;4;1;4;2;8;2;2;2;2;2;2;2;2;2;2;2;2;4;4;4;4;4;4;4;4;4;4;4;4;4;4;4;4;4;4;2;1;2;;3;6;3;1;;1;1
197;PORTOVIEJO;1;1;1;4;2;1;1;1;1;2;1;1;1;1;1;1;1;4;1;4;1;1;1;1;1;1;2;1;1;1;1;1;1;1;1;1;2;2;2;2;2;2;2;2;4;1;4;1;4;4;4;4;4;4;1;4;4;2;2;2;1;4;4;4;4;1;4;4;4;4;4;4;4;4;4;4;5;5;5;5;5;5;5;5;3;2;4;4;1;1;1;5;5;1;1;5;5;1;3;1;1;1;1;4;4;48;1;1;1;2;4;1;2;3;2;4;4;4;1;1;1;1;1;1;1;1;1;1;1;1;4;2;2;1;1;5;5;5;5;5;5;1;1;1;2;4;4;5;5;1;1;1;1;1;1;1;2;1;1;2;2;2;2;2;1;1;1;4;1;4;2;2;2;2;2;2;2;2;2;2;2;2;2;2;4;4;4;4;4;4;4;4;4;4;4;4;4;4;4;4;4;4;2;1;2;;3;6;3;6;;1;2
198;PORTOVIEJO;1;1;1;4;2;1;1;1;1;2;4;1;2;1;1;1;4;1;1;4;1;1;1;1;1;1;2;1;1;1;1;4;1;4;1;1;2;1;;;;;;;4;1;4;1;4;4;4;4;4;4;1;4;4;2;2;2;1;4;4;4;4;1;4;4;4;4;4;4;4;4;4;4;5;5;5;5;5;5;5;5;4;4;4;4;1;1;1;4;5;1;1;5;5;1;2;1;1;1;1;2;4;53;1;1;1;1;2;1;4;2;2;3;4;4;1;1;1;1;1;1;1;2;2;1;1;1;4;2;4;1;1;5;5;5;5;5;5;1;1;1;2;4;4;5;5;1;1;1;1;1;1;1;1;1;1;2;3;2;3;3;1;1;1;4;1;4;2;25;2;2;2;2;2;2;2;2;2;2;1;2;4;4;4;4;4;4;4;4;4;4;4;4;4;4;4;4;4;4;2;1;2;;4;6;3;6;;1;1
199;PORTOVIEJO;1;1;1;4;4;1;1;1;1;2;4;1;4;1;1;1;4;4;1;4;1;2;2;1;1;2;2;1;1;1;4;1;1;1;1;1;2;2;2;1;2;2;2;1;1;1;4;1;4;4;4;4;4;4;1;4;4;2;2;2;4;4;4;4;4;1;4;4;4;4;4;4;4;4;4;4;5;5;5;5;5;5;5;5;2;2;4;4;1;1;1;3;5;1;1;5;5;1;2;1;1;1;1;3;4;52;1;1;1;2;4;1;2;3;3;4;4;4;1;1;1;1;1;1;1;1;1;1;1;1;4;2;4;1;1;5;5;5;5;5;5;2;2;1;2;4;4;5;5;1;1;1;1;1;1;1;1;1;1;2;2;2;2;2;1;1;1;4;1;4;2;23;1;1;1;1;2;2;2;2;2;2;1;2;4;4;4;4;4;4;4;4;4;4;4;4;4;4;4;4;4;4;1;1;2;;3;6;3;1;;1;2
2;PORTOVIEJO;1;1;1;4;4;1;1;1;1;1;4;1;4;1;1;1;4;4;1;4;1;2;2;1;1;2;2;1;4;1;1;1;1;1;1;1;2;2;2;1;2;2;1;1;4;1;4;1;4;4;4;4;4;4;1;4;4;2;2;2;1;4;4;4;4;1;1;4;4;4;4;4;4;4;4;4;5;5;2;5;5;5;5;5;2;4;2;2;1;1;1;5;5;1;1;5;5;1;4;1;1;1;1;2;3;53;1;1;1;2;4;1;2;3;2;4;4;4;1;2;2;2;2;1;1;1;1;1;1;1;4;2;4;1;1;5;5;5;5;5;5;1;1;1;2;2;3;5;5;1;1;1;1;1;1;1;2;1;1;2;2;2;2;3;1;1;1;4;1;4;2;1;2;2;2;2;2;2;2;2;2;2;2;2;4;4;4;4;4;4;4;4;4;4;4;4;4;4;4;4;4;4;1;1;2;;3;6;6;1;;1;3
